Name,Chosen Name,OpenAi Possible Names
,,
Dr. Angela Merkel,Angela Merkel,"['', 'Angela Merkel']"
,,
Horst Seehofer,Horst Seehofer,['Horst Seehofer']
,,
Olaf Scholz,Olaf Scholz,['Olaf Scholz']
,,
Heiko Maas,Heiko Maas,['Heiko Maas']
,,
Svenja Schulze,Svenja Schulze,['Svenja Schulze']
,,
Hubertus Heil,Hubertus Heil,['Hubertus Heil']
,,
Julia Klöckner,Julia Klöckner,['Julia Klöckner']
,,
Markus Söder,Markus Söder,['Markus Söder']
,,
Johanna Wanka,Johanna Wanka,['Johanna Wanka']
,,
Gerd Müller,Gerd Müller,['Gerd Müller']
,,
Andreas Scheuer,Andreas Scheuer,['Andreas Scheuer']
,,
Peter Tauber,Peter Tauber,['Peter Tauber']
,,
Christian Schmidt,Christian Schmidt,['Christian Schmidt']
,,
Aung San Suu Kyi,Suu Kyi,"['Aung San', 'San Suu', 'Suu Kyi']"
,,
Burmese Minister for Foreign Affairs,,['']
,,
Dr John Arthur Cummins,Arthur Cummins,"['Dr John', 'John Arthur', 'Arthur Cummins']"
,,
Mr David Coleman,David Coleman,"['Mr David', 'David Coleman']"
,,
Senator the Hon Simon Birmingham,Simon Birmingham,"['Hon Simon', 'Simon Birmingham']"
,,
Hon Tony Burke MP,Tony Burke,"['Hon Tony', 'Tony Burke']"
,,
The Hon Kevin Rudd MP,Kevin Rudd,"['The Hon', 'Hon Kevin', 'Kevin Rudd']"
,,
"Abe,Shinzo",,['']
,,
"Abe,Shinzō",,['']
,,
"Ackermann,Josef",,['']
,,
"Ahern,Bertie",,['']
,,
"Ahmad,Mohamed",,['']
,,
"Ahmad,Muhammad",,['']
,,
"Ahmadinejad,Mahmoud",,['']
,,
"Ajami,Fouad",,['']
,,
"Akbar,Javed",,['']
,,
"Akbar,Ziauddin",,['']
,,
"Al-Bashir,Omar Hassan",,['']
,,
"Al-Fayed,Dodi",,['']
,,
"Al-Gaddafi,Muammar",,['']
,,
"Al-Jubeir,Adel",,['']
,,
"Al-Maktoum,Hamdan bin Rashid",,"['', '']"
,,
"Al-Maktoum,Mohammed bin Rashid",,"['', '']"
,,
"Al-Maktoum,Rashid bin Mohammed",,"['', '']"
,,
"Al-Naimi,Ali",,['']
,,
"Al-Nasser,Gamal Abdel",,['']
,,
"Al-Sabah,Jasim bin Hamad",,"['', '']"
,,
"Al-Sabah,Nawaf al-Ahmad al-Jaber al-Sabah",,"['', '', '', '']"
,,
"Al-Saud,Abdullah bin Abdulaziz",,"['', '']"
,,
"Al-Saud,Fahd bin Abdulaziz",,"['', '']"
,,
"Al-Saud,Saud bin Abdulaziz",,"['', '']"
,,
"Al-Thani,Hamad bin Khalifa",,"['', '']"
,,
"Al-Waleed,Prince",,['']
,,
"Aleem,Agha",,['']
,,
"Alexander,Douglas",,['']
,,
"Ali,Muhammad",,['']
,,
"Ali,Tariq",,['']
,,
"Allen,Richard",,['']
,,
"Allende,Salvador",,['']
,,
"Almunia,Joaquín",,['']
,,
"Alvarez,Luis",,['']
,,
"Ames,Aldrich",,['']
,,
"Ames,Rosario",,['']
,,
"Andropov,Yuri",,['']
,,
"Ang,Chee Ming",,['']
,,
"Ansar,Hassan",,['']
,,
"Arafat,Yasser",,['']
,,
"Arbour,Louise",,['']
,,
"Arias,Óscar",,['']
,,
"Arkadi,Gaydamak",,['']
,,
"Armstrong,Lance",,['']
,,
"Arnaud,Jean-Christophe",,['']
,,
"Arruda,Waldir",,['']
,,
"Ashcroft,Michael",,['']
,,
Senator the Hon George Brandis QC,George Brandis,"['Hon George', 'George Brandis']"
,,
Senator the Hon Concetta Fierravanti-Wells,Hon Concetta,['Hon Concetta']
,,
Senator the Hon Mitch Fifield,Mitch Fifield,"['Hon Mitch', 'Mitch Fifield']"
,,
Senator the Hon Michaelia Cash,Michaelia Cash,"['Hon Michaelia', 'Michaelia Cash']"
,,
Senator the Hon Marise Payne,Marise Payne,"['Hon Marise', 'Marise Payne']"
,,
Senator the Hon Scott Ryan,Scott Ryan,"['Hon Scott', 'Scott Ryan']"
,,
Senator the Hon James McGrath,Hon James,['Hon James']
,,
Senator the Hon Zed Seselja,Zed Seselja,"['Hon Zed', 'Zed Seselja']"
,,
Senator the Hon Arthur Sinodinos AO,Hon Arthur,['Hon Arthur']
,,
Senator the Hon Eric Abetz,Hon Eric,['Hon Eric']
,,
Senator the Hon Matt Canavan,Matt Canavan,"['Hon Matt', 'Matt Canavan']"
,,
Senator the Hon Mathias Cormann,Mathias Cormann,"['Hon Mathias', 'Mathias Cormann']"
,,
gC4X9SZSvK1WQgwztJ3qo-KvOy8,,['']
,,
`,,['']
,,
Sussan Ley,Sussan Ley,['Sussan Ley']
,,
Josh Frydenberg,Josh Frydenberg,['Josh Frydenberg']
,,
Scott Morrison,Scott Morrison,['Scott Morrison']
,,
Peter Dutton,Peter Dutton,['Peter Dutton']
,,
Mathias Cormann,Mathias Cormann,['Mathias Cormann']
,,
Michaelia Cash,Michaelia Cash,['Michaelia Cash']
,,
Marise Payne,Marise Payne,['Marise Payne']
,,
Angus Taylor,Angus Taylor,['Angus Taylor']
,,
Melissa Price,Melissa Price,['Melissa Price']
,,
Karen Andrews,Karen Andrews,['Karen Andrews']
,,
Dan Tehan,Dan Tehan,['Dan Tehan']
,,
Simon Birmingham,Simon Birmingham,['Simon Birmingham']
,,
Alex Hawke,Alex Hawke,['Alex Hawke']
,,
Christian Porter,Christian Porter,['Christian Porter']
,,
Alan Tudge,Alan Tudge,['Alan Tudge']
,,
Michael Keenan,Michael Keenan,['Michael Keenan']
,,
Angus Stewart,Angus Stewart,['Angus Stewart']
,,
Mitch Fifield,Mitch Fifield,['Mitch Fifield']
,,
Keith Pitt,Keith Pitt,['Keith Pitt']
,,
Barnaby Joyce,Barnaby Joyce,['Barnaby Joyce']
,,
Nigel Scullion,Nigel Scullion,['Nigel Scullion']
,,
David Coleman,David Coleman,['David Coleman']
,,
Paul Fletcher,Paul Fletcher,['Paul Fletcher']
,,
Alan Stuart,Alan Stuart,['Alan Stuart']
,,
David Fawcett,David Fawcett,['David Fawcett']
,,
Zed Seselja,Zed Seselja,['Zed Seselja']
,,
"0,Karen Andrews",,['']
,,
"1,Dan Tehan",,['']
,,
The Hon Scott Morrison MP,Scott Morrison,"['The Hon', 'Hon Scott', 'Scott Morrison']"
,,
The Hon Peter Dutton MP,Peter Dutton,"['The Hon', 'Hon Peter', 'Peter Dutton']"
,,
The Hon Mathias Cormann,Mathias Cormann,"['The Hon', 'Hon Mathias', 'Mathias Cormann']"
,,
The Hon Marise Payne,Marise Payne,"['The Hon', 'Hon Marise', 'Marise Payne']"
,,
The Hon Michaelia Cash,Michaelia Cash,"['The Hon', 'Hon Michaelia', 'Michaelia Cash']"
,,
The Hon Angus Taylor MP,Angus Taylor,"['The Hon', 'Hon Angus', 'Angus Taylor']"
,,
The Hon Alan Tudge MP,Alan Tudge,"['The Hon', 'Hon Alan', 'Alan Tudge']"
,,
The Hon Greg Hunt MP,Greg Hunt,"['The Hon', 'Hon Greg', 'Greg Hunt']"
,,
The Hon Dan Tehan MP,Dan Tehan,"['The Hon', 'Hon Dan', 'Dan Tehan']"
,,
The Hon Josh Frydenberg MP,Josh Frydenberg,"['The Hon', 'Hon Josh', 'Josh Frydenberg']"
,,
The Hon David Littleproud MP,Hon David,"['The Hon', 'Hon David']"
,,
The Hon Stuart Robert MP,Stuart Robert,"['The Hon', 'Hon Stuart', 'Stuart Robert']"
,,
The Hon Melissa Price MP,Melissa Price,"['The Hon', 'Hon Melissa', 'Melissa Price']"
,,
The Hon Christian Porter MP,Christian Porter,"['The Hon', 'Hon Christian', 'Christian Porter']"
,,
The Hon Sussan Ley MP,Sussan Ley,"['The Hon', 'Hon Sussan', 'Sussan Ley']"
,,
The Hon Ken Wyatt AM MP,Ken Wyatt,"['The Hon', 'Hon Ken', 'Ken Wyatt']"
,,
The Hon Linda Reynolds CSC,Linda Reynolds,"['The Hon', 'Hon Linda', 'Linda Reynolds']"
,,
The Hon Simon Birmingham,Simon Birmingham,"['The Hon', 'Hon Simon', 'Simon Birmingham']"
,,
The Hon Alex Hawke MP,Alex Hawke,"['The Hon', 'Hon Alex', 'Alex Hawke']"
,,
The Hon Andrew Hastie MP,Andrew Hastie,"['The Hon', 'Hon Andrew', 'Andrew Hastie']"
,,
The Hon Michael McCormack MP,Hon Michael,"['The Hon', 'Hon Michael']"
,,
The Hon Darren Chester MP,Darren Chester,"['The Hon', 'Hon Darren', 'Darren Chester']"
,,
The Hon David Coleman MP,David Coleman,"['The Hon', 'Hon David', 'David Coleman']"
,,
The Hon Michael Keenan MP,Michael Keenan,"['The Hon', 'Hon Michael', 'Michael Keenan']"
,,
The Hon Steve Ciobo MP,Hon Steve,"['The Hon', 'Hon Steve']"
,,
The Hon Paul Fletcher MP,Paul Fletcher,"['The Hon', 'Hon Paul', 'Paul Fletcher']"
,,
The Hon Craig Laundy MP,Hon Craig,"['The Hon', 'Hon Craig']"
,,
The Hon John McVeigh MP,Hon John,"['The Hon', 'Hon John']"
,,
The Hon Keith Pitt MP,Keith Pitt,"['The Hon', 'Hon Keith', 'Keith Pitt']"
,,
The Hon Damian Drum MP,Damian Drum,"['The Hon', 'Hon Damian', 'Damian Drum']"
,,
The Hon David Gillespie MP,David Gillespie,"['The Hon', 'Hon David', 'David Gillespie']"
,,
The Hon Barnaby Joyce MP,Barnaby Joyce,"['The Hon', 'Hon Barnaby', 'Barnaby Joyce']"
,,
The Hon Bridget McKenzie,Hon Bridget,"['The Hon', 'Hon Bridget']"
,,
The Hon Concetta Fierravanti-Wells,Hon Concetta,"['The Hon', 'Hon Concetta']"
,,
The Hon James McGrath,Hon James,"['The Hon', 'Hon James']"
,,
The Hon Zed Seselja,Zed Seselja,"['The Hon', 'Hon Zed', 'Zed Seselja']"
,,
The Hon Felix Cameron,Felix Cameron,"['The Hon', 'Hon Felix', 'Felix Cameron']"
,,
The Hon Michael Sukkar MP,Michael Sukkar,"['The Hon', 'Hon Michael', 'Michael Sukkar']"
,,
The Hon Paul Toole MP,Paul Toole,"['The Hon', 'Hon Paul', 'Paul Toole']"
,,
The Hon John Williams,John Williams,"['The Hon', 'Hon John', 'John Williams']"
,,
.pdf,,['']
,,
The Honourable Peter Dutton MP,Peter Dutton,"['The Honourable', 'Honourable Peter', 'Peter Dutton']"
,,
The Honourable Scott Morrison MP,Scott Morrison,"['The Honourable', 'Honourable Scott', 'Scott Morrison']"
,,
The Honourable Mathias Cormann,Mathias Cormann,"['The Honourable', 'Honourable Mathias', 'Mathias Cormann']"
,,
Senator the Honourable Michaelia Cash,Michaelia Cash,"['Honourable Michaelia', 'Michaelia Cash']"
,,
Senator the Honourable Linda Reynolds,Linda Reynolds,"['Honourable Linda', 'Linda Reynolds']"
,,
Senator the Honourable Simon Birmingham,Simon Birmingham,"['Honourable Simon', 'Simon Birmingham']"
,,
Senator the Honourable James McGrath,Honourable James,['Honourable James']
,,
Senator the Honourable Matthias Cormann,Matthias Cormann,"['Honourable Matthias', 'Matthias Cormann']"
,,
Senator the Honourable Arthur Sinodinos AO,Honourable Arthur,['Honourable Arthur']
,,
Senator the Honourable Concetta Fierravanti-Wells,Honourable Concetta,['Honourable Concetta']
,,
The Honourable Ginette Petitpas Taylor,Petitpas Taylor,"['The Honourable', 'Honourable Ginette', 'Ginette Petitpas', 'Petitpas Taylor']"
,,
The Honourable Pablo Rodriguez,Pablo Rodriguez,"['The Honourable', 'Honourable Pablo', 'Pablo Rodriguez']"
,,
The Honourable Bill Blair,Bill Blair,"['The Honourable', 'Honourable Bill', 'Bill Blair']"
,,
The Honourable Filomena Tassi,Filomena Tassi,"['The Honourable', 'Honourable Filomena', 'Filomena Tassi']"
,,
The Honourable Deb Schulte,Deb Schulte,"['The Honourable', 'Honourable Deb', 'Deb Schulte']"
,,
The Honourable Anita Anand,Anita Anand,"['The Honourable', 'Honourable Anita', 'Anita Anand']"
,,
The Honourable Steven Guilbeault,Steven Guilbeault,"['The Honourable', 'Honourable Steven', 'Steven Guilbeault']"
,,
The Honourable Marc Garneau,Marc Garneau,"['The Honourable', 'Honourable Marc', 'Marc Garneau']"
,,
The Honourable Navdeep Bains,Navdeep Bains,"['The Honourable', 'Honourable Navdeep', 'Navdeep Bains']"
,,
The Honourable François-Philippe Champagne,The Honourable,['The Honourable']
,,
The Honourable Mary Ng,Mary Ng,"['The Honourable', 'Honourable Mary', 'Mary Ng']"
,,
The Honourable Mélanie Joly,Mélanie Joly,"['The Honourable', 'Honourable Mélanie', 'Mélanie Joly']"
,,
The Honourable Karina Gould,Karina Gould,"['The Honourable', 'Honourable Karina', 'Karina Gould']"
,,
The Honourable Dominic LeBlanc,Honourable Dominic,"['The Honourable', 'Honourable Dominic']"
,,
The Honourable Bardish Chagger,The Honourable,['The Honourable']
,,
The Honourable William Francis Morneau,Francis Morneau,"['The Honourable', 'Honourable William', 'William Francis', 'Francis Morneau']"
,,
The Honourable Maryam Monsef,Maryam Monsef,"['The Honourable', 'Honourable Maryam', 'Maryam Monsef']"
,,
The Honourable Ahmed Hussen,Ahmed Hussen,"['The Honourable', 'Honourable Ahmed', 'Ahmed Hussen']"
,,
The Hon. Susan Kiefel AC,Susan Kiefel,['Susan Kiefel']
,,
The Hon. Virginia Bell AC,Virginia Bell,['Virginia Bell']
,,
The Hon. Patrick Keane AC,Patrick Keane,['Patrick Keane']
,,
The Hon. James Edelman,James Edelman,['James Edelman']
,,
The Hon. Geoffrey Nettle,Geoffrey Nettle,['Geoffrey Nettle']
,,
The Hon. Michelle Gordon,Michelle Gordon,['Michelle Gordon']
,,
The Hon. Simon Steward,Simon Steward,['Simon Steward']
,,
The Honourable Justice Anthony North,Anthony North,"['The Honourable', 'Honourable Justice', 'Justice Anthony', 'Anthony North']"
,,
The Honourable Justice Brigitte Markovic,Brigitte Markovic,"['The Honourable', 'Honourable Justice', 'Justice Brigitte', 'Brigitte Markovic']"
,,
The Honourable Justice Geoffrey Nettle,Geoffrey Nettle,"['The Honourable', 'Honourable Justice', 'Justice Geoffrey', 'Geoffrey Nettle']"
,,
The Honourable Justice James Allsop,James Allsop,"['The Honourable', 'Honourable Justice', 'Justice James', 'James Allsop']"
,,
The Honourable Justice Jayne Jagot,Justice Jayne,"['The Honourable', 'Honourable Justice', 'Justice Jayne']"
,,
The Honourable Justice John Griffiths,John Griffiths,"['The Honourable', 'Honourable Justice', 'Justice John', 'John Griffiths']"
,,
The Honourable Justice John Middleton,John Middleton,"['The Honourable', 'Honourable Justice', 'Justice John', 'John Middleton']"
,,
The Honourable Justice Lindsay Foster,Lindsay Foster,"['The Honourable', 'Honourable Justice', 'Justice Lindsay', 'Lindsay Foster']"
,,
The Honourable Justice Michelle Gordon,Michelle Gordon,"['The Honourable', 'Honourable Justice', 'Justice Michelle', 'Michelle Gordon']"
,,
The Honourable Justice Nye Perram,Justice Nye,"['The Honourable', 'Honourable Justice', 'Justice Nye']"
,,
The Honourable Justice Robert Buchanan,Robert Buchanan,"['The Honourable', 'Honourable Justice', 'Justice Robert', 'Robert Buchanan']"
,,
The Honourable Justice Ronald Sackville,Justice Ronald,"['The Honourable', 'Honourable Justice', 'Justice Ronald']"
,,
The Honourable Justice Stephen Gageler,Justice Stephen,"['The Honourable', 'Honourable Justice', 'Justice Stephen']"
,,
Angus Campbell,Angus Campbell,['Angus Campbell']
,,
Steven Robertson,Steven Robertson,['Steven Robertson']
,,
Richard Williams,Richard Williams,['Richard Williams']
,,
Greg Bilton,Greg Bilton,['Greg Bilton']
,,
Darren White,Darren White,['Darren White']
,,
Kevin Kelly,Kevin Kelly,['Kevin Kelly']
,,
Tony Davies,Tony Davies,['Tony Davies']
,,
Brendan Fraser,Brendan Fraser,['Brendan Fraser']
,,
The Honourable Marise Payne,Marise Payne,"['The Honourable', 'Honourable Marise', 'Marise Payne']"
,,
The Honourable Michaelia Cash,Michaelia Cash,"['The Honourable', 'Honourable Michaelia', 'Michaelia Cash']"
,,
The Honourable Angus Taylor MP,Angus Taylor,"['The Honourable', 'Honourable Angus', 'Angus Taylor']"
,,
Senator the Honourable Jim Molan AO DSC,Jim Molan,"['Honourable Jim', 'Jim Molan']"
,,
The Honourable Melissa Price MP,Melissa Price,"['The Honourable', 'Honourable Melissa', 'Melissa Price']"
,,
The Honourable Greg Hunt MP,Greg Hunt,"['The Honourable', 'Honourable Greg', 'Greg Hunt']"
,,
The Honourable Steven Ciobo MP,Honourable Steven,"['The Honourable', 'Honourable Steven']"
,,
The Honourable Dan Tehan MP,Dan Tehan,"['The Honourable', 'Honourable Dan', 'Dan Tehan']"
,,
The Honourable David Coleman MP,David Coleman,"['The Honourable', 'Honourable David', 'David Coleman']"
,,
The Honourable Alan Tudge MP,Alan Tudge,"['The Honourable', 'Honourable Alan', 'Alan Tudge']"
,,
The Honourable Michael Keenan MP,Michael Keenan,"['The Honourable', 'Honourable Michael', 'Michael Keenan']"
,,
The Honourable Concetta Fierravanti-Wells,Honourable Concetta,"['The Honourable', 'Honourable Concetta']"
,,
The Honourable Craig Laundy,Honourable Craig,"['The Honourable', 'Honourable Craig']"
,,
The Honourable Ann Sudmalis MP,Honourable Ann,"['The Honourable', 'Honourable Ann']"
,,
The Honourable John McVeigh MP,Honourable John,"['The Honourable', 'Honourable John']"
,,
The Honourable Darren Chester MP,Darren Chester,"['The Honourable', 'Honourable Darren', 'Darren Chester']"
,,
The Honourable David Littleproud MP,Honourable David,"['The Honourable', 'Honourable David']"
,,
The Honourable Barnaby Joyce MP,Barnaby Joyce,"['The Honourable', 'Honourable Barnaby', 'Barnaby Joyce']"
,,
The Honourable Sussan Ley MP,Sussan Ley,"['The Honourable', 'Honourable Sussan', 'Sussan Ley']"
,,
The Honourable Keith Pitt MP,Keith Pitt,"['The Honourable', 'Honourable Keith', 'Keith Pitt']"
,,
The Honourable David Gillespie MP,David Gillespie,"['The Honourable', 'Honourable David', 'David Gillespie']"
,,
The Honourable Kevin Hogan MP,Kevin Hogan,"['The Honourable', 'Honourable Kevin', 'Kevin Hogan']"
,,
The Honourable Michael McCormack MP,Honourable Michael,"['The Honourable', 'Honourable Michael']"
,,
The Honourable Andrew Gee MP,Andrew Gee,"['The Honourable', 'Honourable Andrew', 'Andrew Gee']"
,,
The Honourable Michelle Landry MP,Michelle Landry,"['The Honourable', 'Honourable Michelle', 'Michelle Landry']"
,,
The Honourable George Christensen MP,George Christensen,"['The Honourable', 'Honourable George', 'George Christensen']"
,,
The Honourable Damian Drum MP,Damian Drum,"['The Honourable', 'Honourable Damian', 'Damian Drum']"
,,
The Honourable Bridget McKenzie MP,Honourable Bridget,"['The Honourable', 'Honourable Bridget']"
,,
The Honourable Andrew Hastie MP,Andrew Hastie,"['The Honourable', 'Honourable Andrew', 'Andrew Hastie']"
,,
The Honourable Anne Ruston,Anne Ruston,"['The Honourable', 'Honourable Anne', 'Anne Ruston']"
,,
The Honourable Zed Seselja,Zed Seselja,"['The Honourable', 'Honourable Zed', 'Zed Seselja']"
,,
The Honourable Steve Irons MP,Steve Irons,"['The Honourable', 'Honourable Steve', 'Steve Irons']"
,,
The Honourable Craig Kelly MP,Craig Kelly,"['The Honourable', 'Honourable Craig', 'Craig Kelly']"
,,
The Honourable Tony Abbott MP,Tony Abbott,"['The Honourable', 'Honourable Tony', 'Tony Abbott']"
,,
The Honourable Alex Hawke MP,Alex Hawke,"['The Honourable', 'Honourable Alex', 'Alex Hawke']"
,,
The Honourable Michael Sukkar MP,Michael Sukkar,"['The Honourable', 'Honourable Michael', 'Michael Sukkar']"
,,
The Honourable Christian Porter MP,Christian Porter,"['The Honourable', 'Honourable Christian', 'Christian Porter']"
,,
The Honourable Paul Fletcher MP,Paul Fletcher,"['The Honourable', 'Honourable Paul', 'Paul Fletcher']"
,,
The Honourable Luke Hartsuyker MP,Honourable Luke,"['The Honourable', 'Honourable Luke']"
,,
David Morrison,David Morrison,['David Morrison']
,,
Mark Evans,Mark Evans,['Mark Evans']
,,
Tim Inglis,Tim Inglis,['Tim Inglis']
,,
Duncan Lewis,Duncan Lewis,['Duncan Lewis']
,,
Stephen Smith,Stephen Smith,['Stephen Smith']
,,
Angus Gracie,Angus Gracie,['Angus Gracie']
,,
James Dutton,James Dutton,['James Dutton']
,,
Brendan Nelson,Brendan Nelson,['Brendan Nelson']
,,
Efrain Antonio CAMPOS FLORES,Efrain Antonio,['Efrain Antonio']
,,
Juan Pablo PEREZ ALFONSO,Juan Pablo,['Juan Pablo']
,,
Mohamed Mamdouh ABDELGHANI,Mohamed Mamdouh,['Mohamed Mamdouh']
,,
His Excellency Mr Graham Fletcher,Graham Fletcher,"['', 'Excellency Mr', 'Mr Graham', 'Graham Fletcher']"
,,
Her Excellency Mrs Alisi Daurewa,Alisi Daurewa,"['Her Excellency', 'Alisi Daurewa']"
,,
His Excellency Mr Peter Heyward,Peter Heyward,"['', 'Excellency Mr', 'Mr Peter', 'Peter Heyward']"
,,
His Excellency Mr Brendon Hammer,Brendon Hammer,"['', 'Excellency Mr', 'Mr Brendon', 'Brendon Hammer']"
,,
Her Excellency Mrs Lynette Wood,Lynette Wood,"['Her Excellency', 'Lynette Wood']"
,,
His Excellency Mr John Feakes,Mr John,"['', 'Excellency Mr', 'Mr John']"
,,
His Excellency Mr Noel Campbell,Noel Campbell,"['', 'Excellency Mr', 'Mr Noel', 'Noel Campbell']"
,,
His Excellency Mr Patrick Suckling,Patrick Suckling,"['', 'Excellency Mr', 'Mr Patrick', 'Patrick Suckling']"
,,
Her Excellency Mrs Karen Lanyon,Karen Lanyon,"['Her Excellency', 'Karen Lanyon']"
,,
His Excellency Mr David Lipman,David Lipman,"['', 'Excellency Mr', 'Mr David', 'David Lipman']"
,,
Her Excellency Mrs Natasha Smith,Natasha Smith,"['Her Excellency', 'Natasha Smith']"
,,
His Excellency Mr Craig Chittick,Mr Craig,"['', 'Excellency Mr', 'Mr Craig']"
,,
Her Excellency Mrs Susan Boyd,Susan Boyd,"['Her Excellency', 'Susan Boyd']"
,,
His Excellency Mr Geoff Raby,Geoff Raby,"['', 'Excellency Mr', 'Mr Geoff', 'Geoff Raby']"
,,
Her Excellency Mrs Jane Hardy,Jane Hardy,"['Her Excellency', 'Jane Hardy']"
,,
His Excellency Mr Justin Hayhurst,Justin Hayhurst,"['', 'Excellency Mr', 'Mr Justin', 'Justin Hayhurst']"
,,
His Excellency Mr Richard Court,Richard Court,"['', 'Excellency Mr', 'Mr Richard', 'Richard Court']"
,,
His Excellency Mr Bernard Philip,Bernard Philip,"['', 'Excellency Mr', 'Mr Bernard', 'Bernard Philip']"
,,
His Excellency Mr Peter Woolcott,Peter Woolcott,"['', 'Excellency Mr', 'Mr Peter', 'Peter Woolcott']"
,,
Her Excellency Mrs Margaret Twomey,Margaret Twomey,"['Her Excellency', 'Margaret Twomey']"
,,
His Excellency Mr Roderick Brazier,Roderick Brazier,"['', 'Excellency Mr', 'Mr Roderick', 'Roderick Brazier']"
,,
His Excellency Mr Richard Rowe,Richard Rowe,"['', 'Excellency Mr', 'Mr Richard', 'Richard Rowe']"
,,
His Excellency Mr Michael Potts,Michael Potts,"['', 'Excellency Mr', 'Mr Michael', 'Michael Potts']"
,,
His Excellency Mr Bruce Gosper,Mr Bruce,"['', 'Excellency Mr', 'Mr Bruce']"
,,
Her Excellency Mrs Helen Sawbridge,Helen Sawbridge,"['Her Excellency', 'Helen Sawbridge']"
,,
His Excellency Mr Tony Hely,Tony Hely,"['', 'Excellency Mr', 'Mr Tony', 'Tony Hely']"
,,
His Excellency Mr Glenn Miles,Glenn Miles,"['', 'Excellency Mr', 'Mr Glenn', 'Glenn Miles']"
,,
His Excellency Mr Peter Hooton,Peter Hooton,"['', 'Excellency Mr', 'Mr Peter', 'Peter Hooton']"
,,
His Excellency Mr Peter Rogers,Peter Rogers,"['', 'Excellency Mr', 'Mr Peter', 'Peter Rogers']"
,,
His Excellency Mr Peter Tesch,Peter Tesch,"['', 'Excellency Mr', 'Mr Peter', 'Peter Tesch']"
,,
His Excellency Mr Andrew Barnes,Andrew Barnes,"['', 'Excellency Mr', 'Mr Andrew', 'Andrew Barnes']"
,,
His Excellency Mr Gary Quinlan,Gary Quinlan,"['', 'Excellency Mr', 'Mr Gary', 'Gary Quinlan']"
,,
Her Excellency Mrs Frances Adamson,Frances Adamson,"['Her Excellency', 'Frances Adamson']"
,,
His Excellency Mr Neil Mules,Neil Mules,"['', 'Excellency Mr', 'Mr Neil', 'Neil Mules']"
,,
His Excellency Mr Tony Kevin,Tony Kevin,"['', 'Excellency Mr', 'Mr Tony', 'Tony Kevin']"
,,
His Excellency Mr Bruce Miller,Bruce Miller,"['', 'Excellency Mr', 'Mr Bruce', 'Bruce Miller']"
,,
His Excellency Mr Glenn White,Glenn White,"['', 'Excellency Mr', 'Mr Glenn', 'Glenn White']"
,,
His Excellency Mr Peter Nettle,Peter Nettle,"['', 'Excellency Mr', 'Mr Peter', 'Peter Nettle']"
,,
His Excellency Mr Paul Grigson,Mr Paul,"['', 'Excellency Mr', 'Mr Paul']"
,,
His Excellency Mr David Stuart,David Stuart,"['', 'Excellency Mr', 'Mr David', 'David Stuart']"
,,
His Excellency Mr Malcolm Davis,Malcolm Davis,"['', 'Excellency Mr', 'Mr Malcolm', 'Malcolm Davis']"
,,
His Excellency Mr Graeme Wilson,Graeme Wilson,"['', 'Excellency Mr', 'Mr Graeme', 'Graeme Wilson']"
,,
His Excellency Mr Justin Lee,Justin Lee,"['', 'Excellency Mr', 'Mr Justin', 'Justin Lee']"
,,
His Excellency Mr Adam McCarthy,Mr Adam,"['', 'Excellency Mr', 'Mr Adam']"
,,
His Excellency Mr Ewen McDonald,Mr Ewen,"['', 'Excellency Mr', 'Mr Ewen']"
,,
Charles Bowman,Charles Bowman,['Charles Bowman']
,,
Andrew Parmley,Andrew Parmley,['Andrew Parmley']
,,
David Wootton,David Wootton,['David Wootton']
,,
Alison Moore,Alison Moore,['Alison Moore']
,,
Philip Jones,Philip Jones,['Philip Jones']
,,
Richard Olney,Richard Olney,['Richard Olney']
,,
Graham Packham,Graham Packham,['Graham Packham']
,,
Richard Maloney,Richard Maloney,['Richard Maloney']
,,
Tony Arbour,Tony Arbour,['Tony Arbour']
,,
Gareth Bacon,Gareth Bacon,['Gareth Bacon']
,,
Stephen Greenhalgh,Stephen Greenhalgh,['Stephen Greenhalgh']
,,
David Kurten,David Kurten,['David Kurten']
,,
Peter Whittle,Peter Whittle,['Peter Whittle']
,,
Andrew Boff,Andrew Boff,['Andrew Boff']
,,
David Schmitz,David Schmitz,['David Schmitz']
,,
Susan Hall,Susan Hall,['Susan Hall']
,,
Peter Golds,Peter Golds,['Peter Golds']
,,
John Biggs,John Biggs,['John Biggs']
,,
John Griffin,John Griffin,['John Griffin']
,,
Catherine West,Catherine West,['Catherine West']
,,
Unmesh Desai,Unmesh Desai,['Unmesh Desai']
,,
Clare Coghill,Clare Coghill,['Clare Coghill']
,,
Philip Glanville,Philip Glanville,['Philip Glanville']
,,
Miatta Fahnbulleh,,"['', '']"
,,
Danny Thorpe,Danny Thorpe,['Danny Thorpe']
,,
Sian Berry,Sian Berry,['Sian Berry']
,,
Caroline Russell,Caroline Russell,['Caroline Russell']
,,
Fleur Anderson,Fleur Anderson,['Fleur Anderson']
,,
Ellie Pinnock,Ellie Pinnock,['Ellie Pinnock']
,,
David Lammy,David Lammy,['David Lammy']
,,
Jennette Arnold,Jennette Arnold,['Jennette Arnold']
,,
Mike Katz,Mike Katz,['Mike Katz']
,,
Murad Qureshi,Murad Qureshi,['Murad Qureshi']
,,
Asima Shaikh,Asima Shaikh,['Asima Shaikh']
,,
Onkar Sahota,Onkar Sahota,['Onkar Sahota']
,,
Tom Copley,Tom Copley,['Tom Copley']
,,
Andrew Slaughter,Andrew Slaughter,['Andrew Slaughter']
,,
Kevin Bonavia,Kevin Bonavia,['Kevin Bonavia']
,,
Navin Shah,Navin Shah,['Navin Shah']
,,
Paul Convery,Paul Convery,['Paul Convery']
,,
Paul Demitri,Paul Demitri,['Paul Demitri']
,,
Phil Taylor,Phil Taylor,['Phil Taylor']
,,
Tony Newman,Tony Newman,['Tony Newman']
,,
Victoria Borwick,Victoria Borwick,['Victoria Borwick']
,,
Will Pascall,Will Pascall,['Will Pascall']
,,
#NAME?,,['']
,,
"AUSTIN,Richard",,['']
,,
"BANNISTER,David",,['']
,,
"BARKER,Anthony",,['']
,,
"BARNES,Stephen",,['']
,,
"BELL,Rodney",,['']
,,
"BENNETT,Neil",,['']
,,
"BIDGOOD,Scott",,['']
,,
"BOURKE,Tony",,['']
,,
"BOWMAN,Andrew",,['']
,,
"BOYCE,Kevin",,['']
,,
"BRADSHAW,Craig",,['']
,,
"BRENNAN,Gerard",,['']
,,
"BRESLIN,Shaun",,['']
,,
"BRIGGS,Andrew",,['']
,,
"BROWN,Gavin",,['']
,,
"BROWN,James",,['']
,,
"BROWN,Peter",,['']
,,
"BROWN,Stephen",,['']
,,
"BROWNING,John",,['']
,,
"BRUCE,Ian",,['']
,,
"BRYANT,Michael",,['']
,,
"BUCHHOLZ,Andrew",,['']
,,
"BURKE,Kevin",,['']
,,
"BURTON,Andrew",,['']
,,
"BYRNE,Anthony",,['']
,,
"BYRNE,Craig",,['']
,,
"CALLINAN,James",,['']
,,
"CAMPBELL,Darren",,['']
,,
"CAMPBELL,Graham",,['']
,,
"CANAVAN,Matthew",,['']
,,
"CAREY,Michael",,['']
,,
"CARMODY,Paul",,['']
,,
"CARR,Kim",,['']
,,
"CASH,Michael",,['']
,,
"CHAMBERLIN,Peter",,['']
,,
"CHANDLER,David",,['']
,,
"CHISHOLM,Duncan",,['']
,,
"CLARE,Jason",,['']
,,
"COLEMAN,David",,['']
,,
"COLLINS,Michael",,['']
,,
"COMBET,Greg",,['']
,,
"CONAGHAN,Paul",,['']
,,
"CONROY,Stephen",,['']
,,
"COOK,Mal",,['']
,,
"COULTON,Luke",,['']
,,
"CREAN,Craig",,['']
,,
"CRIPPS,Steve",,['']
,,
"CULLEN,Kevin",,['']
,,
"CUNNINGHAM,Sharon",,['']
,,
"CURTIN,Julie-Anne",,['']
,,
"CYRUS,Jay",,['']
,,
"D'ARCY,Scott",,['']
,,
"DAWSON,George",,['']
,,
"DAY,Christopher",,['']
,,
"DICKSON,Barry",,['']
,,
"DREYFUS,Mark",,['']
,,
"DUNCAN,Darren",,['']
,,
"DUNCAN-PORTER,Sue",,['']
,,
"DUNLOP,Louise",,['']
,,
"DWYER,Ann",,['']
,,
"EASTMAN,Tony",,['']
,,
"EGGINTON,David",,['']
,,
"EMERSON,Craig",,['']
,,
"ENGLISH,Barnaby",,['']
,,
"EVANS,Doug",,['']
,,
"FARR,Andrew",,['']
,,
"FARRELL,Darren",,['']
,,
"FIFE,Joel",,['']
,,
"FITZGIBBON,Joel",,['']
,,
"FORREST,Andrew",,['']
,,
"FRANCIS,Darren",,['']
,,
"GALLAGHER,Brendan",,['']
,,
"GALLAGHER,Kate",,['']
,,
"GALLASCH,Anne",,['']
,,
"GALLUS,Tony",,['']
,,
"GANLEY,Warren",,['']
,,
"GASH,Ann",,['']
,,
"GEORGANAS,Steve",,['']
,,
"GILLESPIE,Craig",,['']
,,
"GILMORE,Ann",,['']
,,
"GLYN,David",,['']
,,
"GRAY,Anthony",,['']
,,
"GRAY,Graham",,['']
,,
"GREEN,Bruce",,['']
,,
"GREENE,Tony",,['']
,,
鳩山 由紀夫,,"['', '']"
,,
菅 義偉,,"['', '']"
,,
東野 幸治,東野 幸治,['東野 幸治']
,,
臼井 健二,臼井 健二,['臼井 健二']
,,
小泉 純一郎,小泉 純一郎,['小泉 純一郎']
,,
加藤 隆之,加藤 隆之,['加藤 隆之']
,,
大西 哲也,大西 哲也,['大西 哲也']
,,
大前 真一,大前 真一,['大前 真一']
,,
麻生 太郎,麻生 太郎,['麻生 太郎']
,,
菅 総理,,"['', '']"
,,
菅 首相,,"['', '']"
,,
福田 康夫,福田 康夫,['福田 康夫']
,,
森喜朗,,['']
,,
Muneo Suzuki,Muneo Suzuki,['Muneo Suzuki']
,,
Michiyo Kusakawa,Michiyo Kusakawa,['Michiyo Kusakawa']
,,
Akira Ogawa,Akira Ogawa,['Akira Ogawa']
,,
Fumio Kishida,Fumio Kishida,['Fumio Kishida']
,,
Seiko Noda,Seiko Noda,['Seiko Noda']
,,
Taro Kono,Taro Kono,['Taro Kono']
,,
Hiroshige Seko,Hiroshige Seko,['Hiroshige Seko']
,,
Toshimitsu Motegi,Toshimitsu Motegi,['Toshimitsu Motegi']
,,
Keiichi Ishii,Keiichi Ishii,['Keiichi Ishii']
,,
Kazuyoshi Akaba,Kazuyoshi Akaba,['Kazuyoshi Akaba']
,,
Takaaki Kajita,Takaaki Kajita,['Takaaki Kajita']
,,
Saburo Kawabata,Saburo Kawabata,['Saburo Kawabata']
,,
Kokichi Nemoto,,['']
,,
Yasuhisa Shiozaki,Yasuhisa Shiozaki,['Yasuhisa Shiozaki']
,,
Katsunobu Kato,Katsunobu Kato,['Katsunobu Kato']
,,
Hideki Makihara,Hideki Makihara,['Hideki Makihara']
,,
Shigeru Ishiba,Shigeru Ishiba,['Shigeru Ishiba']
,,
Satsuki Katayama,Satsuki Katayama,['Satsuki Katayama']
,,
Shunsuke Kishida,Shunsuke Kishida,['Shunsuke Kishida']
,,
Taro Aso,Taro Aso,['Taro Aso']
,,
Shinzo Abe,Shinzo Abe,['Shinzo Abe']
,,
Nobuteru Ishihara,Nobuteru Ishihara,['Nobuteru Ishihara']
,,
Sadakazu Tanigaki,,['']
,,
Akira Amari,Akira Amari,['Akira Amari']
,,
Abe Shinzo,Abe Shinzo,['Abe Shinzo']
,,
Aso Taro,Aso Taro,['Aso Taro']
,,
Fukuda Yasuo,Fukuda Yasuo,['Fukuda Yasuo']
,,
Ishiba Shigeru,Ishiba Shigeru,['Ishiba Shigeru']
,,
Koizumi Junichiro,Koizumi Junichiro,['Koizumi Junichiro']
,,
Nakagawa Hidenao,Nakagawa Hidenao,['Nakagawa Hidenao']
,,
Nakayama Nariaki,Nakayama Nariaki,['Nakayama Nariaki']
,,
Yosano Kaoru,Yosano Kaoru,['Yosano Kaoru']
,,
岩渕 隆明,岩渕 隆明,['岩渕 隆明']
,,
中川 浩二,中川 浩二,['中川 浩二']
,,
玉城 太郎,玉城 太郎,['玉城 太郎']
,,
松尾 謙一,松尾 謙一,['松尾 謙一']
,,
喜多 健雄,喜多 健雄,['喜多 健雄']
,,
川内 憲司,川内 憲司,['川内 憲司']
,,
小池 秀夫,小池 秀夫,['小池 秀夫']
,,
長谷川 晃弘,長谷川 晃弘,['長谷川 晃弘']
,,
大平 武史,大平 武史,['大平 武史']
,,
高橋 一生,高橋 一生,['高橋 一生']
,,
中国 洋一,中国 洋一,['中国 洋一']
,,
桜井 浩之,桜井 浩之,['桜井 浩之']
,,
佐藤 敏郎,佐藤 敏郎,['佐藤 敏郎']
,,
KISHIDA Fumio,,['']
,,
FUJIMURA Akira,,['']
,,
TAKESHITA Noboru,,['']
,,
OHIRA Masayoshi,,['']
,,
NISHIO Kanji,,['']
,,
MIYAZAWA Kiichi,,['']
,,
TAKAichi Zenko,,['']
,,
KATO Kakuei,,"['', '']"
,,
SUZUKI Zenko,,['']
,,
TANAKA Kakuei,,"['', '']"
,,
NAKASONE Yasuhiro,,['']
,,
SAKURAUCHI Yoshiro,,['']
,,
YAMASHITA Shizuka,,['']
,,
MORI Yoshiro,,['']
,,
KOIZUMI Junichiro,,['']
,,
ASO Taro,,['']
,,
ABE Shinzo,,['']
,,
Okada Shigeharu,Okada Shigeharu,['Okada Shigeharu']
,,
Eto Seishiro,Eto Seishiro,['Eto Seishiro']
,,
Koga Makoto,Koga Makoto,['Koga Makoto']
,,
Shimoji Yoshifumi,Shimoji Yoshifumi,['Shimoji Yoshifumi']
,,
Adachi Yoshio,Adachi Yoshio,['Adachi Yoshio']
,,
Maehara Seiji,Maehara Seiji,['Maehara Seiji']
,,
Noda Yoshihiko,Noda Yoshihiko,['Noda Yoshihiko']
,,
Kan Naoto,Kan Naoto,['Kan Naoto']
,,
Ishihara Shintaro,Ishihara Shintaro,['Ishihara Shintaro']
,,
Yamada Taro,Yamada Taro,['Yamada Taro']
,,
Miyamoto Toranosuke,Miyamoto Toranosuke,['Miyamoto Toranosuke']
,,
Shirakawa Yoshitaka,Shirakawa Yoshitaka,['Shirakawa Yoshitaka']
,,
Abe Nobuto,Abe Nobuto,['Abe Nobuto']
,,
Aso Hirofumi,Aso Hirofumi,['Aso Hirofumi']
,,
Furukawa Toshio,Furukawa Toshio,['Furukawa Toshio']
,,
Yoshikawa Hideo,Yoshikawa Hideo,['Yoshikawa Hideo']
,,
Yasuda Keizo,Yasuda Keizo,['Yasuda Keizo']
,,
Hayashi Nobuteru,Hayashi Nobuteru,['Hayashi Nobuteru']
,,
Tanaka Akihiko,Tanaka Akihiko,['Tanaka Akihiko']
,,
Fukuda Nobuteru,Fukuda Nobuteru,['Fukuda Nobuteru']
,,
Matsui Ichiro,Matsui Ichiro,['Matsui Ichiro']
,,
Sakaguchi Shoichi,Sakaguchi Shoichi,['Sakaguchi Shoichi']
,,
Sato Kenzo,Sato Kenzo,['Sato Kenzo']
,,
Furukawa Taro,Furukawa Taro,['Furukawa Taro']
,,
Nishimura Yasutoshi,Nishimura Yasutoshi,['Nishimura Yasutoshi']
,,
Kamei Shizuka,Kamei Shizuka,['Kamei Shizuka']
,,
Yamamoto Taro,Yamamoto Taro,['Yamamoto Taro']
,,
Ozawa Ichiro,Ozawa Ichiro,['Ozawa Ichiro']
,,
Inoue Masaharu,Inoue Masaharu,['Inoue Masaharu']
,,
Ishida Shigemi,Ishida Shigemi,['Ishida Shigemi']
,,
Ota Masaharu,Ota Masaharu,['Ota Masaharu']
,,
Nishigaki Yasuhiro,Nishigaki Yasuhiro,['Nishigaki Yasuhiro']
,,
Kubo Akira,Kubo Akira,['Kubo Akira']
,,
Kawamura Takeo,Kawamura Takeo,['Kawamura Takeo']
,,
Ichikawa Sanzo,Ichikawa Sanzo,['Ichikawa Sanzo']
,,
Kuriyama Taro,Kuriyama Taro,['Kuriyama Taro']
,,
Yamanouchi Akira,Yamanouchi Akira,['Yamanouchi Akira']
,,
Yoshimi Yoshiaki,Yoshimi Yoshiaki,['Yoshimi Yoshiaki']
,,
Tanaka Giichi,Tanaka Giichi,['Tanaka Giichi']
,,
Iwabuchi Sanji,Iwabuchi Sanji,['Iwabuchi Sanji']
,,
Iwamoto Yoshiharu,Iwamoto Yoshiharu,['Iwamoto Yoshiharu']
,,
Konoe Fumimaro,,"['', '']"
,,
Kido Koichi,Kido Koichi,['Kido Koichi']
,,
Saito Makoto,Saito Makoto,['Saito Makoto']
,,
Matsumoto Kenkichi,Matsumoto Kenkichi,['Matsumoto Kenkichi']
,,
Uchida Kameo,Uchida Kameo,['Uchida Kameo']
,,
Arita Hachiro,Arita Hachiro,['Arita Hachiro']
,,
Kawai Tsuyoshi,Kawai Tsuyoshi,['Kawai Tsuyoshi']
,,
Kishida Ginko,Kishida Ginko,['Kishida Ginko']
,,
Okochi Kiyotaka,Okochi Kiyotaka,['Okochi Kiyotaka']
,,
Yamada Morito,Yamada Morito,['Yamada Morito']
,,
Yonai Mitsumasa,Yonai Mitsumasa,['Yonai Mitsumasa']
,,
Shigemitsu Mamoru,Shigemitsu Mamoru,['Shigemitsu Mamoru']
,,
Yamashita Giichi,Yamashita Giichi,['Yamashita Giichi']
,,
Okada Ke,Okada Ke,['Okada Ke']
,,
Taro Yamada,Taro Yamada,['Taro Yamada']
,,
Jiro Tanaka,Jiro Tanaka,['Jiro Tanaka']
,,
Saburo Suzuki,Saburo Suzuki,['Saburo Suzuki']
,,
Shiro Yamamoto,Shiro Yamamoto,['Shiro Yamamoto']
,,
Hiroshi Watanabe,Hiroshi Watanabe,['Hiroshi Watanabe']
,,
Akira Inoue,Akira Inoue,['Akira Inoue']
,,
Takashi Yamamoto,Takashi Yamamoto,['Takashi Yamamoto']
,,
Yasuo Ohara,Yasuo Ohara,['Yasuo Ohara']
,,
Kenji Yamada,Kenji Yamada,['Kenji Yamada']
,,
Michiko Suzuki,Michiko Suzuki,['Michiko Suzuki']
,,
Suga Yoshihide,Suga Yoshihide,['Suga Yoshihide']
,,
Hiroto Izumi,Hiroto Izumi,['Hiroto Izumi']
,,
Toshihiro Nikai,Toshihiro Nikai,['Toshihiro Nikai']
,,
Tomomi Inada,Tomomi Inada,['Tomomi Inada']
,,
Kenta Kobayashi,Kenta Kobayashi,['Kenta Kobayashi']
,,
Tarō Asō,,"['', '']"
,,
Shinzō Abe,,['']
,,
Hatoyama Yukio,,['']
,,
Ichikawa Mikio,Ichikawa Mikio,['Ichikawa Mikio']
,,
Katayama Yoshihiko,Katayama Yoshihiko,['Katayama Yoshihiko']
,,
Kuroda Haruhiko,Kuroda Haruhiko,['Kuroda Haruhiko']
,,
Haruhiko Kuroda,Haruhiko Kuroda,['Haruhiko Kuroda']
,,
Yutaka Harada,Yutaka Harada,['Yutaka Harada']
,,
Hiroshi Nakaso,Hiroshi Nakaso,['Hiroshi Nakaso']
,,
Takako Masai,Takako Masai,['Takako Masai']
,,
Kazuo Ueda,Kazuo Ueda,['Kazuo Ueda']
,,
Masaru Hayami,Masaru Hayami,['Masaru Hayami']
,,
Shigenori Shiratsuka,Shigenori Shiratsuka,['Shigenori Shiratsuka']
,,
Toshihiko Fukui,Toshihiko Fukui,['Toshihiko Fukui']
,,
Toshiro Muto,Toshiro Muto,['Toshiro Muto']
,,
His Excellency Mr. Toshiya HOSHINO,,['']
,,
His Excellency Mr. Kazuhiro SUGIURA,,['']
,,
His Excellency Mr. Kiyotaka AKASAKA,,['']
,,
Her Excellency Mrs. Atsuko FUKADA,Her Excellency,['Her Excellency']
,,
His Excellency Mr. Kenichi OGAWA,,['']
,,
His Excellency Mr. Shigeki SUMI,,['']
,,
His Excellency Mr. Kazuhiko KOSHIKAWA,,['']
,,
His Excellency Mr. Shunji YANAI,,['']
,,
His Excellency Mr. Katsuhiro SHIRAISHI,,['']
,,
His Excellency Mr. Toshihiro NIKAI,,['']
,,
His Excellency Mr. Ichiro FUJISAKI,,['']
,,
His Excellency Mr. Yutaka YOKOTA,,['']
,,
His Excellency Mr. Nobuo KISHI,,['']
,,
His Excellency Mr. Kazuo KODAMA,,['']
,,
His Excellency Mr. Mamoru MATSUNO,,['']
,,
His Excellency Mr. Yukio SATO,,['']
,,
His Excellency Mr. Ryuichiro YAMAZAKI,,['']
,,
His Excellency Mr. Nobutaka MACHIMURA,,['']
,,
His Excellency Mr. Hirofumi NAKASONE,,['']
,,
Her Excellency Mrs. Makiko YOSHIDA,Her Excellency,['Her Excellency']
,,
His Excellency Mr. Akira AMARI,,['']
,,
His Excellency Mr. Taro ASO,,['']
,,
His Excellency Mr. Fumio KISHIDA,,['']
,,
His Excellency Mr. Taro KONO,,['']
,,
His Excellency Mr. Seiji KAVAJIMA,,['']
,,
His Excellency Mr. Toshimitsu MOTEGI,,['']
,,
His Excellency Mr. Hiroshige SUGIURA,,['']
,,
His Excellency Mr. Ken SAKURADA,,['']
,,
His Excellency Mr. Shunichi SUZUKI,,['']
,,
His Excellency Mr. Kentaro SONOURA,,['']
,,
His Excellency Mr. Hiroto ISHIZUKA,,['']
,,
His Excellency Mr. Kent,,['']
,,
Mitsuhiro Wada,Mitsuhiro Wada,['Mitsuhiro Wada']
,,
Nobuo Kishi,Nobuo Kishi,['Nobuo Kishi']
,,
Yoshihide Suga,Yoshihide Suga,['Yoshihide Suga']
,,
"0,Name 100",,"['', '']"
,,
Shunichi Suzuki,Shunichi Suzuki,['Shunichi Suzuki']
,,
Seiji Maehara,Seiji Maehara,['Seiji Maehara']
,,
Fumio Hayashi,Fumio Hayashi,['Fumio Hayashi']
,,
Koichi Hamada,Koichi Hamada,['Koichi Hamada']
,,
Eisuke Sakakibara,Eisuke Sakakibara,['Eisuke Sakakibara']
,,
Yasutoshi Nishimura,Yasutoshi Nishimura,['Yasutoshi Nishimura']
,,
Takeshi Iwaya,Takeshi Iwaya,['Takeshi Iwaya']
,,
Cho Kuk,Cho Kuk,['Cho Kuk']
,,
1,,['']
,,
정광덕,,['']
,,
박은혜,,['']
,,
박기석,,['']
,,
서재원,,['']
,,
유재명,,['']
,,
김영자,,['']
,,
김문수,,['']
,,
김종인,,['']
,,
강기웅,,['']
,,
정현식,,['']
,,
서강용,,['']
,,
송강호,,['']
,,
정용운,,['']
,,
신재희,,['']
,,
심규선,,['']
,,
박재숙,,['']
,,
김성동,,['']
,,
김남길,,['']
,,
문성룡,,['']
,,
성춘향,,['']
,,
김옥주,,['']
,,
윤미향,,['']
,,
김정훈,,['']
,,
정세균,,['']
,,
김동진,,['']
,,
조원진,,['']
,,
오명주,,['']
,,
김석진,,['']
,,
양영선,,['']
,,
서영국,,['']
,,
이원진,,['']
,,
정재훈,,['']
,,
정동호,,['']
,,
정현태,,['']
,,
김태훈,,['']
,,
박지원,,['']
,,
손태환,,['']
,,
정두식,,['']
,,
김준희,,['']
,,
박성수,,['']
,,
박형진,,['']
,,
김종국,,['']
,,
김성식,,['']
,,
김성태,,['']
,,
김정환,,['']
,,
이정민,,['']
,,
강기철,,['']
,,
이동수,,['']
,,
서재우,,['']
,,
송기홍,,['']
,,
박찬우,,['']
,,
이정우,,['']
,,
김정우,,['']
,,
이현숙,,['']
,,
장미래,,['']
,,
장기용,,['']
,,
김상우,,['']
,,
박성래,,['']
,,
정병국,,['']
,,
박용상,,['']
,,
장원영,,['']
,,
정기웅,,['']
,,
김영수,,['']
,,
정선애,,['']
,,
정흥규,,['']
,,
최재용,,['']
,,
이재원,,['']
,,
김구철,,['']
,,
김수영,,['']
,,
장창용,,['']
,,
정용기,,['']
,,
백운천,,['']
,,
최형곤,,['']
,,
김종원,,['']
,,
최재성,,['']
,,
박용균,,['']
,,
장용철,,['']
,,
김성균,,['']
,,
양재우,,['']
,,
최강춘,,['']
,,
이호영,,['']
,,
서상균,,['']
,,
정성훈,,['']
,,
박기동,,['']
,,
Suh Hoon,Suh Hoon,['Suh Hoon']
,,
"Ahn,Cheol-soo",,['']
,,
"Choi,Ik-jae",,['']
,,
"Han,Sang-hyun",,['']
,,
"Kang,In-ho",,['']
,,
"Kim,Myung-soo",,['']
,,
"Lee,Chang-ho",,['']
,,
"Lee,Dong-heub",,['']
,,
"Lee,Jay",,['']
,,
"Nam,Sung-wook",,['']
,,
"Park,Chan-woo",,['']
,,
"Park,Han-cheol",,['']
,,
"Park,Jeong-hee",,['']
,,
"Park,Sang-hak",,['']
,,
"Ryu,Kwan-sup",,['']
,,
"Sim,Jae-bum",,['']
,,
"Song,Young-chan",,['']
,,
"Yoon,Jong-yoon",,['']
,,
"Yoon,Tae-jin",,['']
,,
"Mr. BAE,Young-ho",,"['', '']"
,,
"H.E. Mrs. KANG,Kyung-wha",,"['', '', '']"
,,
"Mr. LEE,Sang-deuk",,"['', '']"
,,
"Mr. KANG,Sung-chun",,"['', '']"
,,
"Mr. LEE,Jae-yong",,"['', '']"
,,
"Mr. LEE,Hae-chan",,"['', '']"
,,
"Mr. MOON,Jae-in",,"['', '']"
,,
"Mr. KIM,Jong-in",,"['', '']"
,,
"Mr. LEE,Nak-yon",,"['', '']"
,,
"Mr. KIM,Hyun-chong",,"['', '']"
,,
"Mr. KIM,Dong-yeon",,"['', '']"
,,
"Mr. KANG,Ho-seng",,"['', '']"
,,
Name:,,['']
,,
Han Zheng,Han Zheng,['Han Zheng']
,,
Zhao Leji,Zhao Leji,['Zhao Leji']
,,
Wang Yang,Wang Yang,['Wang Yang']
,,
Huang Kunming,Huang Kunming,['Huang Kunming']
,,
Wang Chen,Wang Chen,['Wang Chen']
,,
Xiao Jie,Xiao Jie,['Xiao Jie']
,,
Chen Xi,Chen Xi,['Chen Xi']
,,
Liu He,Liu He,['Liu He']
,,
"0,Wang Huning",,"['', '']"
,,
"1,Li Zhanshu",,"['', '']"
,,
"2,Yang Jiechi",,"['', '']"
,,
"3,Wang Qishan",,"['', '']"
,,
"4,Xiao Jie",,['']
,,
"5,Chen Xi",,['']
,,
"6,Li Keqiang",,"['', '']"
,,
"7,Zhang Yesui",,"['', '']"
,,
"8,Wang Chen",,['']
,,
"9,Zhao Leji",,['']
,,
"0,Liu He",,['']
,,
"1,Han Zheng",,['']
,,
"2,Wang Huning",,"['', '']"
,,
"3,Li Zhanshu",,"['', '']"
,,
"4,Yang Jiechi",,"['', '']"
,,
"5,Wang Qishan",,"['', '']"
,,
6,,['']
,,
default.shtml,,['']
,,
Name: Hu Jintao,Hu Jintao,"['', 'Hu Jintao']"
,,
Name: Wen Jiabao,Wen Jiabao,"['', 'Wen Jiabao']"
,,
Name: Xi Jinping,Xi Jinping,"['', 'Xi Jinping']"
,,
Name: Li Keqiang,,['']
,,
Name: Zhang Dejiang,,['']
,,
Name: Yu Zhengsheng,,['']
,,
Name: Liu Yunshan,Liu Yunshan,"['', 'Liu Yunshan']"
,,
Name: Wang Qishan,,['']
,,
Dame Patsy Reddy,Patsy Reddy,"['Dame Patsy', 'Patsy Reddy']"
,,
The Rt Hon Dame Sian Elias,Sian Elias,"['The Rt', 'Rt Hon', 'Hon Dame', 'Dame Sian', 'Sian Elias']"
,,
The Rt Hon Sir Anand Satyanand,Anand Satyanand,"['The Rt', 'Rt Hon', 'Anand Satyanand']"
,,
The Rt Hon Sir Jerry Mateparae,Rt Hon,"['The Rt', 'Rt Hon']"
,,
The Rt Hon Dame Patsy Reddy,Patsy Reddy,"['The Rt', 'Rt Hon', 'Hon Dame', 'Dame Patsy', 'Patsy Reddy']"
,,
Rt Hon Winston Peters,Winston Peters,"['Rt Hon', 'Hon Winston', 'Winston Peters']"
,,
Rt Hon Jacinda Ardern,Jacinda Ardern,"['Rt Hon', 'Hon Jacinda', 'Jacinda Ardern']"
,,
Rt Hon James Shaw,James Shaw,"['Rt Hon', 'Hon James', 'James Shaw']"
,,
Hon Kelvin Davis,Kelvin Davis,"['Hon Kelvin', 'Kelvin Davis']"
,,
Hon David Parker,David Parker,"['Hon David', 'David Parker']"
,,
Hon Grant Robertson,Grant Robertson,"['Hon Grant', 'Grant Robertson']"
,,
Hon Winston Peters,Winston Peters,"['Hon Winston', 'Winston Peters']"
,,
Hon Carmel Sepuloni,Hon Carmel,['Hon Carmel']
,,
Hon Willie Jackson,Willie Jackson,"['Hon Willie', 'Willie Jackson']"
,,
Hon Stuart Nash,Stuart Nash,"['Hon Stuart', 'Stuart Nash']"
,,
.csv,,['']
,,
Hon Chris Hipkins,Chris Hipkins,"['Hon Chris', 'Chris Hipkins']"
,,
Hon Megan Woods,Megan Woods,"['Hon Megan', 'Megan Woods']"
,,
Hon Andrew Little,Andrew Little,"['Hon Andrew', 'Andrew Little']"
,,
Hon Phil Twyford,Phil Twyford,"['Hon Phil', 'Phil Twyford']"
,,
Hon Tracey Martin,Tracey Martin,"['Hon Tracey', 'Tracey Martin']"
,,
Hon Eugenie Sage,Eugenie Sage,"['Hon Eugenie', 'Eugenie Sage']"
,,
Hon James Shaw,James Shaw,"['Hon James', 'James Shaw']"
,,
Hon David Clark,David Clark,"['Hon David', 'David Clark']"
,,
Hon Clare Curran,Clare Curran,"['Hon Clare', 'Clare Curran']"
,,
Hon Aupito William Sio,William Sio,['William Sio']
,,
Hon Iain Lees-Galloway,Hon Iain,['Hon Iain']
,,
Hon Poto Williams,Poto Williams,"['Hon Poto', 'Poto Williams']"
,,
Hon Jan Tinetti,Jan Tinetti,"['Hon Jan', 'Jan Tinetti']"
,,
Hon Meka Whaitiri,Hon Meka,['Hon Meka']
,,
Hon Damien O'Connor,Hon Damien,['Hon Damien']
,,
Hon David Bennett,David Bennett,"['Hon David', 'David Bennett']"
,,
Hon Nathan Guy,Nathan Guy,"['Hon Nathan', 'Nathan Guy']"
,,
Hon Jo Goodhew,Jo Goodhew,"['Hon Jo', 'Jo Goodhew']"
,,
Hon Todd Muller,Todd Muller,"['Hon Todd', 'Todd Muller']"
,,
Hon Scott Simpson,Scott Simpson,"['Hon Scott', 'Scott Simpson']"
,,
Hon Nick Smith,Nick Smith,"['Hon Nick', 'Nick Smith']"
,,
Hon Maggie Barry,Maggie Barry,"['Hon Maggie', 'Maggie Barry']"
,,
Hon Nuk Korako,Hon Nuk,['Hon Nuk']
,,
Hon Maureen Pugh,Maureen Pugh,"['Hon Maureen', 'Maureen Pugh']"
,,
Hon Sarah Dowie,Sarah Dowie,"['Hon Sarah', 'Sarah Dowie']"
,,
Hon Barbara Kuriger,Barbara Kuriger,"['Hon Barbara', 'Barbara Kuriger']"
,,
Hon Todd Barclay,Todd Barclay,"['Hon Todd', 'Todd Barclay']"
,,
Hon Jacqui Dean,Jacqui Dean,"['Hon Jacqui', 'Jacqui Dean']"
,,
Hon Nikki Kaye,Nikki Kaye,"['Hon Nikki', 'Nikki Kaye']"
,,
Hon Jonathan Young,Jonathan Young,"['Hon Jonathan', 'Jonathan Young']"
,,
Hon Parmjeet Parmar,Parmjeet Parmar,"['Hon Parmjeet', 'Parmjeet Parmar']"
,,
Hon Gerry Brownlee,Gerry Brownlee,"['Hon Gerry', 'Gerry Brownlee']"
,,
Hon Paul Goldsmith,Paul Goldsmith,"['Hon Paul', 'Paul Goldsmith']"
,,
Hon Amy Adams,Amy Adams,"['Hon Amy', 'Amy Adams']"
,,
Hon Simon Bridges,Simon Bridges,"['Hon Simon', 'Simon Bridges']"
,,
Hon Steven Joyce,Steven Joyce,"['Hon Steven', 'Steven Joyce']"
,,
Hon Judith Collins,Judith Collins,"['Hon Judith', 'Judith Collins']"
,,
Hon Christopher Finlayson,Christopher Finlayson,"['Hon Christopher', 'Christopher Finlayson']"
,,
Hon Peter Dunne,Peter Dunne,"['Hon Peter', 'Peter Dunne']"
,,
Hon Mark Mitchell,Mark Mitchell,"['Hon Mark', 'Mark Mitchell']"
,,
Dame Sian Elias,Sian Elias,"['Dame Sian', 'Sian Elias']"
,,
Justice Mark O'Regan,Justice Mark,['Justice Mark']
,,
Justice Ellen France,Ellen France,"['Justice Ellen', 'Ellen France']"
,,
Justice Helen Winkelmann,Helen Winkelmann,"['Justice Helen', 'Helen Winkelmann']"
,,
Justice Simon France,Simon France,"['Justice Simon', 'Simon France']"
,,
Justice Robert Dobson,Robert Dobson,"['Justice Robert', 'Robert Dobson']"
,,
Andrew Tipping,Andrew Tipping,['Andrew Tipping']
,,
Brendan Brown,Brendan Brown,['Brendan Brown']
,,
Christopher Allan,Christopher Allan,['Christopher Allan']
,,
Dame Helen Winkelmann,Helen Winkelmann,"['Dame Helen', 'Helen Winkelmann']"
,,
Douglas White,Douglas White,['Douglas White']
,,
Geoffrey Venning,Geoffrey Venning,['Geoffrey Venning']
,,
Gendalen Phillips,,['']
,,
Graham Lang,Graham Lang,['Graham Lang']
,,
Jacqueline Williams,Jacqueline Williams,['Jacqueline Williams']
,,
Sir Peter Glazebrook,Peter Glazebrook,"['', 'Peter Glazebrook']"
,,
Dame Lowell Goddard,Lowell Goddard,"['Dame Lowell', 'Lowell Goddard']"
,,
Sir David Carruthers,David Carruthers,"['', 'David Carruthers']"
,,
Sir Robert Chambers,Robert Chambers,"['', 'Robert Chambers']"
,,
Sir Thomas Gault,Thomas Gault,"['', 'Thomas Gault']"
,,
Sir Ronald Young,Ronald Young,"['', 'Ronald Young']"
,,
Adrian Orr,Adrian Orr,['Adrian Orr']
,,
Bernard Hodgetts,Bernard Hodgetts,['Bernard Hodgetts']
,,
Lindsay Whitelaw,Lindsay Whitelaw,['Lindsay Whitelaw']
,,
Grant Spencer,Grant Spencer,['Grant Spencer']
,,
John Cunliffe,John Cunliffe,['John Cunliffe']
,,
Graham Wheeler,Graham Wheeler,['Graham Wheeler']
,,
Lindsay Walker,Lindsay Walker,['Lindsay Walker']
,,
Fiona Mackenzie,Fiona Mackenzie,['Fiona Mackenzie']
,,
Murray Sherwin,Murray Sherwin,['Murray Sherwin']
,,
Neil Quigley,Neil Quigley,['Neil Quigley']
,,
Matthew Bolland,Matthew Bolland,['Matthew Bolland']
,,
Peter Troughton,Peter Troughton,['Peter Troughton']
,,
Craig Ebert,Craig Ebert,['Craig Ebert']
,,
John Makhlouf,John Makhlouf,['John Makhlouf']
,,
Dr Andrew Harvey,Andrew Harvey,"['Dr Andrew', 'Andrew Harvey']"
,,
Dr John McDermott,Dr John,['Dr John']
,,
Professor John Gathergood,,['']
,,
Dr Patrick Njoroge,Patrick Njoroge,"['Dr Patrick', 'Patrick Njoroge']"
,,
Professor Catherine L. Mann,,['']
,,
Mr Adamantios Vamvakidis,Adamantios Vamvakidis,"['Mr Adamantios', 'Adamantios Vamvakidis']"
,,
Dr Klaas Knot,Klaas Knot,"['Dr Klaas', 'Klaas Knot']"
,,
Mr Eduardo Levy Yeyati,Eduardo Levy,"['Mr Eduardo', 'Eduardo Levy']"
,,
Professor Sir David Hendry,David Hendry,"['', '', 'David Hendry']"
,,
Mr Claudio Borio,Claudio Borio,"['Mr Claudio', 'Claudio Borio']"
,,
Mr Hyun Song Shin,Song Shin,"['Mr Hyun', 'Hyun Song', 'Song Shin']"
,,
Professor Philip R. Lane,,['']
,,
Dr Andrea Maechler,Andrea Maechler,"['Dr Andrea', 'Andrea Maechler']"
,,
Mr Steven Maijoor,Mr Steven,['Mr Steven']
,,
Mr Benoît Cœuré,Mr Benoît,['Mr Benoît']
,,
Mr Ignazio Visco,Ignazio Visco,"['Mr Ignazio', 'Ignazio Visco']"
,,
Rod Carr,Rod Carr,['Rod Carr']
,,
Sharon Zollner,Sharon Zollner,['Sharon Zollner']
,,
Michael Hill,Michael Hill,['Michael Hill']
,,
Heather Ridout,Heather Ridout,['Heather Ridout']
,,
Richard Hughes,Richard Hughes,['Richard Hughes']
,,
Matthew Bell,Matthew Bell,['Matthew Bell']
,,
Lt Gen Tim Keating,Tim Keating,"['Lt Gen', 'Gen Tim', 'Tim Keating']"
,,
Air Marshal Kevin Short,Kevin Short,"['', 'Marshal Kevin', 'Kevin Short']"
,,
Vice Admiral David Proctor,David Proctor,['David Proctor']
,,
Rear Admiral John Hamilton,John Hamilton,"['', '', 'John Hamilton']"
,,
Commodore David Campbell,David Campbell,"['Commodore David', 'David Campbell']"
,,
Brigadier Peter Kelly,Peter Kelly,"['', 'Peter Kelly']"
,,
Colonel (retired) Glyn Harper,Glyn Harper,['Glyn Harper']
,,
Air Commodore (retired) Peter Stockwell,Peter Stockwell,"['', 'Peter Stockwell']"
,,
Tony Brown,Tony Brown,['Tony Brown']
,,
John Allen,John Allen,['John Allen']
,,
Scott Brown,Scott Brown,['Scott Brown']
,,
Graham Kelly,Graham Kelly,['Graham Kelly']
,,
David Strang,David Strang,['David Strang']
,,
Sarah Brown,Sarah Brown,['Sarah Brown']
,,
Tim Groser,Tim Groser,['Tim Groser']
,,
Chris Seed,Chris Seed,['Chris Seed']
,,
Mike Bush,Mike Bush,['Mike Bush']
,,
Martin Williams,Martin Williams,['Martin Williams']
,,
Mark Dyer,Mark Dyer,['Mark Dyer']
,,
Michael Heron,Michael Heron,['Michael Heron']
,,
Peter Hamilton,Peter Hamilton,['Peter Hamilton']
,,
Jonathan Curr,Jonathan Curr,['Jonathan Curr']
,,
Stephen Barclay,Stephen Barclay,['Stephen Barclay']
,,
Richard Griffin,Richard Griffin,['Richard Griffin']
,,
Vicky Brockie,Vicky Brockie,['Vicky Brockie']
,,
Steve Brooker,Steve Brooker,['Steve Brooker']
,,
Bruce Shepherd,Bruce Shepherd,['Bruce Shepherd']
,,
Paul Williams,Paul Williams,['Paul Williams']
,,
Abdullah bin Ahmed Al Saleh,Al Saleh,"['Ahmed Al', 'Al Saleh']"
,,
Abdullah bin Ahmed Al Thani,Al Thani,"['Ahmed Al', 'Al Thani']"
,,
Abdullah bin Fahad bin Sultan bin Abdulaziz Al Saud,Al Saud,"['Abdulaziz Al', 'Al Saud']"
,,
Abdullah bin Hamad bin Juma Al Maktoum,Al Maktoum,"['Juma Al', 'Al Maktoum']"
,,
Abdullah bin Khalifa Al Attiyah,Khalifa Al,['Khalifa Al']
,,
Abdullah bin Saeed Al Muhairi,Al Muhairi,"['Saeed Al', 'Al Muhairi']"
,,
Abdullah bin Zayed bin Sultan Al Nahyan,Al Nahyan,"['Sultan Al', 'Al Nahyan']"
,,
Abdulla Al Ghurair,Abdulla Al,['Abdulla Al']
,,
Abdulla Al Masaood,Al Masaood,"['Abdulla Al', 'Al Masaood']"
,,
Abdulla Al Mehri,Al Mehri,"['Abdulla Al', 'Al Mehri']"
,,
Abdulla Al Qassemi,Al Qassemi,"['Abdulla Al', 'Al Qassemi']"
,,
Abdulla Al Suwaidi,Al Suwaidi,"['Abdulla Al', 'Al Suwaidi']"
,,
Abdulla Al Tajer,Al Tajer,"['Abdulla Al', 'Al Tajer']"
,,
Abdulla Bin Sulayem,Abdulla Bin,['Abdulla Bin']
,,
Abdulla Fouad Abdulrahman,Fouad Abdulrahman,"['Abdulla Fouad', 'Fouad Abdulrahman']"
,,
Abdulla Hussain Thani Al Hamad,Al Hamad,"['Abdulla Hussain', 'Hussain Thani', 'Thani Al', 'Al Hamad']"
,,
Abdulla Saeed Al Darmaki,Al Darmaki,"['Abdulla Saeed', 'Saeed Al', 'Al Darmaki']"
,,
Abdullatif Al Shamsi,Al Shamsi,"['Abdullatif Al', 'Al Shamsi']"
,,
Abdulrahman Al Ghurair,Abdulrahman Al,['Abdulrahman Al']
,,
Abdulrahman Al Saleh,Al Saleh,"['Abdulrahman Al', 'Al Saleh']"
,,
Abdulrahman Al Suwaidi,Al Suwaidi,"['Abdulrahman Al', 'Al Suwaidi']"
,,
Abdulrahman Bin Abdullah Bin Butti Al Qassemi,Al Qassemi,"['Abdulrahman Bin', 'Bin Abdullah', 'Abdullah Bin', 'Bin Butti', 'Butti Al', 'Al Qassemi']"
,,
Abdulrahman Bin Faisal Al Qassemi,Al Qassemi,"['Abdulrahman Bin', 'Bin Faisal', 'Faisal Al', 'Al Qassemi']"
,,
Abdulrahman Bin Saleh Al Obeikan,Saleh Al,"['Abdulrahman Bin', 'Bin Saleh', 'Saleh Al']"
,,
Abdulrahman Bin Sulaiman Al Rajhi,Al Rajhi,"['Abdulrahman Bin', 'Bin Sulaiman', 'Sulaiman Al', 'Al Rajhi']"
,,
Abdulrahman Hassan Abdullah Al Othman,Al Othman,"['Abdulrahman Hassan', 'Hassan Abdullah', 'Abdullah Al', 'Al Othman']"
,,
Abdulrahman Saeed Al Mutawa,Al Mutawa,"['Abdulrahman Saeed', 'Saeed Al', 'Al Mutawa']"
,,
Abdulrahman Saleh Al Zamil,Al Zamil,"['Abdulrahman Saleh', 'Saleh Al', 'Al Zamil']"
,,
Abdulrahman Sultan Al Qassemi,Al Qassemi,"['Abdulrahman Sultan', 'Sultan Al', 'Al Qassemi']"
,,
Abdulrahman Zahid Al Ghurair,Zahid Al,"['Abdulrahman Zahid', 'Zahid Al']"
,,
Abdulsalam Al Badri,Al Badri,"['Abdulsalam Al', 'Al Badri']"
,,
Abdulsalam Al Zadjali,Al Zadjali,"['Abdulsalam Al', 'Al Zadjali']"
,,
Abdulsalam Hassan Abdullah Al Othman,Al Othman,"['Abdulsalam Hassan', 'Hassan Abdullah', 'Abdullah Al', 'Al Othman']"
,,
Abdulwahab Al Sadoun,Al Sadoun,"['Abdulwahab Al', 'Al Sadoun']"
,,
Abdulla Al Hashimi,Al Hashimi,"['Abdulla Al', 'Al Hashimi']"
,,
Abdulla Al Kindi,Al Kindi,"['Abdulla Al', 'Al Kindi']"
,,
Abdulla Al Mazrouei,Al Mazrouei,"['Abdulla Al', 'Al Mazrouei']"
,,
Abdulla Al Qubaisi,Al Qubaisi,"['Abdulla Al', 'Al Qubaisi']"
,,
Abdulla Al Rumaithi,Abdulla Al,['Abdulla Al']
,,
Abdulla Al Tajir,Al Tajir,"['Abdulla Al', 'Al Tajir']"
,,
Abdulla Al Thani,Al Thani,"['Abdulla Al', 'Al Thani']"
,,
Abdulla Al Turki,Al Turki,"['Abdulla Al', 'Al Turki']"
,,
Abdulla Alsayed Ahmed Al Jufairi,Ahmed Al,"['Abdulla Alsayed', 'Alsayed Ahmed', 'Ahmed Al']"
,,
Abdulla Buhindi,Abdulla Buhindi,['Abdulla Buhindi']
,,
Abdulla Darwish,Abdulla Darwish,['Abdulla Darwish']
,,
Abdulla Hassan Al Naboodah,Hassan Al,"['Abdulla Hassan', 'Hassan Al']"
,,
Abdulla Hussain Al Ghurair,Hussain Al,"['Abdulla Hussain', 'Hussain Al']"
,,
Abdulla Juma Al Falasi,Al Falasi,"['Abdulla Juma', 'Juma Al', 'Al Falasi']"
,,
Abdulla Khalfan Al Mazrouei,Al Mazrouei,"['Abdulla Khalfan', 'Khalfan Al', 'Al Mazrouei']"
,,
Abdulla Majed Al Ghurair,Majed Al,"['Abdulla Majed', 'Majed Al']"
,,
Abdulla Matar Al Mazrouei,Al Mazrouei,"['Abdulla Matar', 'Matar Al', 'Al Mazrouei']"
,,
Abdulla Saeed Ghobash,Abdulla Saeed,['Abdulla Saeed']
,,
Abdulla Saeed Juma Al Naboodah,Juma Al,"['Abdulla Saeed', 'Saeed Juma', 'Juma Al']"
,,
Abdulla Salem Al Rumaithi,Salem Al,"['Abdulla Salem', 'Salem Al']"
,,
Abdulla Sultan Al Qassemi,Al Qassemi,"['Abdulla Sultan', 'Sultan Al', 'Al Qassemi']"
,,
Abdulla Sultan Al Suweidi,Sultan Al,"['Abdulla Sultan', 'Sultan Al']"
,,
Abdulla Sultan Al Zamil,Al Zamil,"['Abdulla Sultan', 'Sultan Al', 'Al Zamil']"
,,
Abdulla Yousuf Al,Yousuf Al,"['Abdulla Yousuf', 'Yousuf Al']"
,,
Abdullah Bin Ahmed Bin Sulaiman Al-Humaidan,Bin Sulaiman,"['Abdullah Bin', 'Bin Ahmed', 'Ahmed Bin', 'Bin Sulaiman']"
,,
Abdulrahman Bin Abdullah Bin Mohammad Al-Khalifa,Mohammad Al-Khalifa,"['Abdulrahman Bin', 'Bin Abdullah', 'Abdullah Bin', 'Bin Mohammad', 'Mohammad Al-Khalifa']"
,,
Ahmed Bin Jassim Bin Mohammad Al-Thani,Mohammad Al-Thani,"['Ahmed Bin', 'Bin Jassim', 'Jassim Bin', 'Bin Mohammad', 'Mohammad Al-Thani']"
,,
Ahmed Bin Saeed Bin Ahmed Al-Maktoum,Bin Ahmed,"['Ahmed Bin', 'Bin Saeed', 'Saeed Bin', 'Bin Ahmed']"
,,
Aissa Bin Saeed Bin Jabr Al-Suwaidi,Jabr Al-Suwaidi,"['Aissa Bin', 'Bin Saeed', 'Saeed Bin', 'Bin Jabr', 'Jabr Al-Suwaidi']"
,,
Ali Bin Abdullah Bin Ali Al-Rowais,Bin Ali,"['Ali Bin', 'Bin Abdullah', 'Abdullah Bin', 'Bin Ali']"
,,
Ali Bin Abdullah Bin Hamad Al Attiyah,Hamad Al,"['Ali Bin', 'Bin Abdullah', 'Abdullah Bin', 'Bin Hamad', 'Hamad Al']"
,,
Ali Bin Saeed Bin Ali Al-Khater,Ali Al-Khater,"['Ali Bin', 'Bin Saeed', 'Saeed Bin', 'Bin Ali', 'Ali Al-Khater']"
,,
Badr Bin Saud Bin Ahmed Al-Shamsi,Ahmed Al-Shamsi,"['Badr Bin', 'Bin Saud', 'Saud Bin', 'Bin Ahmed', 'Ahmed Al-Shamsi']"
,,
Bakheet Bin Mattar Bin Thani Al-Rais,Bin Thani,"['Bakheet Bin', 'Bin Mattar', 'Mattar Bin', 'Bin Thani']"
,,
Dhaher Bin Sultan Bin Zayed Al-Nahyan,Bin Zayed,"['Dhaher Bin', 'Bin Sultan', 'Sultan Bin', 'Bin Zayed']"
,,
Dr. Ahmed Ali Bin Zayed Al-Nahyan,Bin Zayed,"['', 'Ahmed Ali', 'Ali Bin', 'Bin Zayed']"
,,
Dr. Saud Bin Ahmed Bin Ali Al-Thani,Ali Al-Thani,"['', 'Saud Bin', 'Bin Ahmed', 'Ahmed Bin', 'Bin Ali', 'Ali Al-Thani']"
,,
Dr. Sultan Bin Ahmed Sultan Al-Jaber,Sultan Al-Jaber,"['', 'Sultan Bin', 'Bin Ahmed', 'Ahmed Sultan', 'Sultan Al-Jaber']"
,,
Hamad Bin Ahmed Bin Juma Al-Muhairi,Bin Juma,"['Hamad Bin', 'Bin Ahmed', 'Ahmed Bin', 'Bin Juma']"
,,
Hamad Bin Jassim Bin Jaber Al-Thani,Jaber Al-Thani,"['Hamad Bin', 'Bin Jassim', 'Jassim Bin', 'Bin Jaber', 'Jaber Al-Thani']"
,,
Hamad Bin Khalifa Bin Hamad Al-Thani,Hamad Al-Thani,"['Hamad Bin', 'Bin Khalifa', 'Khalifa Bin', 'Bin Hamad', 'Hamad Al-Thani']"
,,
Hamad Bin Saeed Bin Ahmed Al-Maktoum,Bin Ahmed,"['Hamad Bin', 'Bin Saeed', 'Saeed Bin', 'Bin Ahmed']"
,,
Hamed Bin Zayed Bin Sultan Al-Nahyan,Bin Sultan,"['Hamed Bin', 'Bin Zayed', 'Zayed Bin', 'Bin Sultan']"
,,
Hasan Bin Ali Bin Abdullah Al-Rowais,Bin Abdullah,"['Hasan Bin', 'Bin Ali', 'Ali Bin', 'Bin Abdullah']"
,,
Hassan Bin Ali Bin Hamad Al Attiyah,Hamad Al,"['Hassan Bin', 'Bin Ali', 'Ali Bin', 'Bin Hamad', 'Hamad Al']"
,,
Haya Bint Rashid Bin Saeed Al-Maktoum,Bin Saeed,"['Haya Bint', 'Bint Rashid', 'Rashid Bin', 'Bin Saeed']"
,,
Ibrahim Bin Ahmed Bin Sulaiman Al-Humaidan,Bin Sulaiman,"['Ibrahim Bin', 'Bin Ahmed', 'Ahmed Bin', 'Bin Sulaiman']"
,,
Khalid Bin Sultan Bin Zayed Al-Nahyan,Bin Zayed,"['Khalid Bin', 'Bin Sultan', 'Sultan Bin', 'Bin Zayed']"
,,
Khalfan Bin Ahmed Bin Sulaiman Al-Mazrouei,Bin Sulaiman,"['Khalfan Bin', 'Bin Ahmed', 'Ahmed Bin', 'Bin Sulaiman']"
,,
Majid Bin Ahmed Bin Sulaiman Al-Mazrouei,Bin Sulaiman,"['Majid Bin', 'Bin Ahmed', 'Ahmed Bin', 'Bin Sulaiman']"
,,
Majid Bin Mohammad Bin Rashid Al-Maktoum,Bin Rashid,"['Majid Bin', 'Bin Mohammad', 'Mohammad Bin', 'Bin Rashid']"
,,
Maryam Bint Ahmed Bin Sulaiman Al-Muhairi,Bin Sulaiman,"['Maryam Bint', 'Bint Ahmed', 'Ahmed Bin', 'Bin Sulaiman']"
,,
Mohamed Abdulrahman Bin Abdullah Al-Saleh,Abdullah Al-Saleh,"['Mohamed Abdulrahman', 'Abdulrahman Bin', 'Bin Abdullah', 'Abdullah Al-Saleh']"
,,
Mohamed Ahmed Bin Abdulrahman Bin Jassim Al-Thani,Jassim Al-Thani,"['Mohamed Ahmed', 'Ahmed Bin', 'Bin Abdulrahman', 'Abdulrahman Bin', 'Bin Jassim', 'Jassim Al-Thani']"
,,
Mohamed Ahmed Bin Said Bin Ali Al-Khater,Ali Al-Khater,"['Mohamed Ahmed', 'Ahmed Bin', 'Bin Said', 'Said Bin', 'Bin Ali', 'Ali Al-Khater']"
,,
Mohamed Ali Bin Abdullah Bin Ali Al-Rowais,Bin Ali,"['Mohamed Ali', 'Ali Bin', 'Bin Abdullah', 'Abdullah Bin', 'Bin Ali']"
,,
Mohamed Ali Bin Hamad Bin Ali Al-Attiyah,Ali Al-Attiyah,"['Mohamed Ali', 'Ali Bin', 'Bin Hamad', 'Hamad Bin', 'Bin Ali', 'Ali Al-Attiyah']"
,,
Mohamed Bin Abdullah Bin Ali Al-Thani,Ali Al-Thani,"['Mohamed Bin', 'Bin Abdullah', 'Abdullah Bin', 'Bin Ali', 'Ali Al-Thani']"
,,
Mohamed Bin Ahmed Bin Sulaiman Al-Humaidan,Bin Sulaiman,"['Mohamed Bin', 'Bin Ahmed', 'Ahmed Bin', 'Bin Sulaiman']"
,,
Mohamed Bin Hamad Bin Khalifa Al-Thani,Khalifa Al-Thani,"['Mohamed Bin', 'Bin Hamad', 'Hamad Bin', 'Bin Khalifa', 'Khalifa Al-Thani']"
,,
Mohamed Bin Saeed Bin Ahmed Al-Maktoum,Bin Ahmed,"['Mohamed Bin', 'Bin Saeed', 'Saeed Bin', 'Bin Ahmed']"
,,
Mohamed Bin Zayed Bin Sultan Al-Nahyan,Bin Sultan,"['Mohamed Bin', 'Bin Zayed', 'Zayed Bin', 'Bin Sultan']"
,,
Mohammad Bin Abdullah Bin Mohammad Al-Khalifa,Mohammad Al-Khalifa,"['Mohammad Bin', 'Bin Abdullah', 'Abdullah Bin', 'Bin Mohammad', 'Mohammad Al-Khalifa']"
,,
Mohammad Bin Hamad Bin Khalifa Al-Thani,Khalifa Al-Thani,"['Mohammad Bin', 'Bin Hamad', 'Hamad Bin', 'Bin Khalifa', 'Khalifa Al-Thani']"
,,
Mohammad Bin Saeed Bin Ali Al-Khater,Ali Al-Khater,"['Mohammad Bin', 'Bin Saeed', 'Saeed Bin', 'Bin Ali', 'Ali Al-Khater']"
,,
Mohammed Bin Ahmed Bin Sulaiman Al-Mazrouei,Bin Sulaiman,"['Mohammed Bin', 'Bin Ahmed', 'Ahmed Bin', 'Bin Sulaiman']"
,,
Mohammed Bin Khalifa Bin Hamad Al-Thani,Hamad Al-Thani,"['Mohammed Bin', 'Bin Khalifa', 'Khalifa Bin', 'Bin Hamad', 'Hamad Al-Thani']"
,,
Mohammed Bin Saeed Bin Ahmed Al-Maktoum,Bin Ahmed,"['Mohammed Bin', 'Bin Saeed', 'Saeed Bin', 'Bin Ahmed']"
,,
Mohammed Ibrahim Bin Ali Bin Abdullah Al-,Bin Abdullah,"['Mohammed Ibrahim', 'Ibrahim Bin', 'Bin Ali', 'Ali Bin', 'Bin Abdullah']"
,,
Mr. Abdulrahman Mohamed Al Daheri,Mohamed Al,"['', 'Abdulrahman Mohamed', 'Mohamed Al']"
,,
Mr. Abdul Aziz Abdullah Al Ghurair,Abdullah Al,"['', 'Abdul Aziz', 'Aziz Abdullah', 'Abdullah Al']"
,,
Mr. Hamad Ahmed Al Shamsi,Al Shamsi,"['', 'Hamad Ahmed', 'Ahmed Al', 'Al Shamsi']"
,,
Mr. Abdullah Ahmed Al Turki,Al Turki,"['', 'Abdullah Ahmed', 'Ahmed Al', 'Al Turki']"
,,
Mr. Ahmed Obaid Al Tayer,Al Tayer,"['', 'Ahmed Obaid', 'Obaid Al', 'Al Tayer']"
,,
Mr. Hamdan Saeed Al Daheri,Saeed Al,"['', 'Hamdan Saeed', 'Saeed Al']"
,,
Mr. Khalifa Ahmed Al Kindi,Al Kindi,"['', 'Khalifa Ahmed', 'Ahmed Al', 'Al Kindi']"
,,
Mr. Majid Saif Al Ghurair,Saif Al,"['', 'Majid Saif', 'Saif Al']"
,,
Mr. Mansoor Ahmed Al Shamsi,Al Shamsi,"['', 'Mansoor Ahmed', 'Ahmed Al', 'Al Shamsi']"
,,
Mr. Mohamed Ahmed Alabbar,Ahmed Alabbar,"['', 'Mohamed Ahmed', 'Ahmed Alabbar']"
,,
Mr. Mohamed Ahmed Alsayed,Ahmed Alsayed,"['', 'Mohamed Ahmed', 'Ahmed Alsayed']"
,,
Mr. Mohamed Khalifa Al Kindi,Al Kindi,"['', 'Mohamed Khalifa', 'Khalifa Al', 'Al Kindi']"
,,
Mr. Obaid Humaid Al Tayer,Al Tayer,"['', 'Obaid Humaid', 'Humaid Al', 'Al Tayer']"
,,
Mr. Saeed Ahmed Al Muhairi,Al Muhairi,"['', 'Saeed Ahmed', 'Ahmed Al', 'Al Muhairi']"
,,
Mr. Saeed Eid Al Muhairi,Al Muhairi,"['', 'Saeed Eid', 'Eid Al', 'Al Muhairi']"
,,
Mr. Sultan Ahmed Al Jaber,Al Jaber,"['', 'Sultan Ahmed', 'Ahmed Al', 'Al Jaber']"
,,
Mr. Suhail Mohamed Faraj Al Mazrouei,Al Mazrouei,"['', 'Suhail Mohamed', 'Mohamed Faraj', 'Faraj Al', 'Al Mazrouei']"
,,
Mr. Talal Ahmed Al Dhiyabi,Ahmed Al,"['', 'Talal Ahmed', 'Ahmed Al']"
,,
Mr. Anders Fogh Rasmussen,Fogh Rasmussen,"['', 'Anders Fogh', 'Fogh Rasmussen']"
,,
Mr. Jaap de Hoop Scheffer,Hoop Scheffer,"['', 'Hoop Scheffer']"
,,
Mr. Robert M. Gates,,['']
,,
Mr. Anders Fogh Rasmussen (ret.),Fogh Rasmussen,"['', 'Anders Fogh', 'Fogh Rasmussen']"
,,
Mr. Jaap de Hoop Scheffer (ret.),Hoop Scheffer,"['', 'Hoop Scheffer']"
,,
Mr. Robert M. Gates (ret.),,['']
,,
Mr. Igor Dodon,Igor Dodon,"['', 'Igor Dodon']"
,,
Mr. Aleksandar Vučić,Aleksandar Vučić,"['', 'Aleksandar Vučić']"
,,
Ms. Ana Brnabić,,['']
,,
Mr. Andrej Babiš,Andrej Babiš,"['', 'Andrej Babiš']"
,,
Mr. Boyko Borisov,Boyko Borisov,"['', 'Boyko Borisov']"
,,
Mr. Charles Michel,Charles Michel,"['', 'Charles Michel']"
,,
Ms. Cristina Fernández de Kirchner,Cristina Fernández,"['', 'Cristina Fernández']"
,,
Mr. Cyril Ramaphosa,Cyril Ramaphosa,"['', 'Cyril Ramaphosa']"
,,
Mr. Emmanuel Macron,Emmanuel Macron,"['', 'Emmanuel Macron']"
,,
Mr. Giuseppe Conte,Giuseppe Conte,"['', 'Giuseppe Conte']"
,,
Mr. Jüri Ratas,Jüri Ratas,"['', 'Jüri Ratas']"
,,
Mr. Klaus Iohannis,,['']
,,
Mr. Kolinda Grabar-Kitarović,,['']
,,
Mr. Kostas Karamanlis,Kostas Karamanlis,"['', 'Kostas Karamanlis']"
,,
Mr. Kyriakos Mitsotakis,,['']
,,
Mr. Lars Løkke Rasmussen,Løkke Rasmussen,"['', 'Lars Løkke', 'Løkke Rasmussen']"
,,
Mr. Leo Varadkar,Leo Varadkar,"['', 'Leo Varadkar']"
,,
Mr. Luigi Di Maio,Di Maio,"['', 'Luigi Di', 'Di Maio']"
,,
Mr. Mark Rutte,Mark Rutte,"['', 'Mark Rutte']"
,,
Mr. Mateusz Morawiecki,Mateusz Morawiecki,"['', 'Mateusz Morawiecki']"
,,
Mr. Matthew Guy,Matthew Guy,"['', 'Matthew Guy']"
,,
Mr. Michael Kors,Michael Kors,"['', 'Michael Kors']"
,,
Mr. Mikhail Mishustin,,['']
,,
Mr. Milo Đukanović,Milo Đukanović,"['', 'Milo Đukanović']"
,,
Mr. Narendra Modi,Narendra Modi,"['', 'Narendra Modi']"
,,
Mr. Nikol Pashinyan,,['']
,,
Mr. Pedro Sánchez,Pedro Sánchez,"['', 'Pedro Sánchez']"
,,
Mr. Recep Tayyip Erdoğan,Tayyip Erdoğan,"['', 'Recep Tayyip', 'Tayyip Erdoğan']"
,,
Mr. Scott Morrison,Scott Morrison,"['', 'Scott Morrison']"
,,
Mr. Sebastian Kurz,Sebastian Kurz,"['', 'Sebastian Kurz']"
,,
Mr. Sergio Mattarella,Sergio Mattarella,"['', 'Sergio Mattarella']"
,,
Mr. Stefan Löfven,,['']
,,
Mr. Suga Yoshihide,Suga Yoshihide,"['', 'Suga Yoshihide']"
,,
Mr. Vladimir Putin,Vladimir Putin,"['', 'Vladimir Putin']"
,,
Mr. Volodymyr Zelensky,,['']
,,
Mr. Xavier Bettel,Xavier Bettel,"['', 'Xavier Bettel']"
,,
Ms. Zuzana Čaputová,,['']
,,
Xi Jinping,Xi Jinping,['Xi Jinping']
,,
Vladimir Putin,Vladimir Putin,['Vladimir Putin']
,,
Recep Tayyip Erdogan,Tayyip Erdogan,"['Recep Tayyip', 'Tayyip Erdogan']"
,,
Hassan Rouhani,Hassan Rouhani,['Hassan Rouhani']
,,
Donald Trump,Donald Trump,['Donald Trump']
,,
Theresa May,Theresa May,['Theresa May']
,,
Emmanuel Macron,Emmanuel Macron,['Emmanuel Macron']
,,
Mr. Manuel Vicente,Manuel Vicente,"['', 'Manuel Vicente']"
,,
Mr. Carlos Moises,Carlos Moises,"['', 'Carlos Moises']"
,,
Mr. João Lourenço,João Lourenço,"['', 'João Lourenço']"
,,
Mr. Álvaro Domingos,Álvaro Domingos,"['', 'Álvaro Domingos']"
,,
Mr. Sebastião Martins,Sebastião Martins,"['', 'Sebastião Martins']"
,,
Mr. Euclides Gonçalves,Euclides Gonçalves,"['', 'Euclides Gonçalves']"
,,
Mr. António Paulo Kassoma,Paulo Kassoma,"['', 'António Paulo', 'Paulo Kassoma']"
,,
Mr. Paulo Gomes,Paulo Gomes,"['', 'Paulo Gomes']"
,,
Mr. Manuel da Cruz,,['']
,,
Mr. Adriano Mendonça,Adriano Mendonça,"['', 'Adriano Mendonça']"
,,
Mr. Armindo Ngola,Armindo Ngola,"['', 'Armindo Ngola']"
,,
Mr. Rui Maria de Araújo,Rui Maria,"['', 'Rui Maria']"
,,
Mr. Augusto Santos Silva,Santos Silva,"['', 'Augusto Santos', 'Santos Silva']"
,,
Mr. Valdemar da Silva,,['']
,,
Mr. Hélder Vieira Dias,Vieira Dias,"['', 'Hélder Vieira', 'Vieira Dias']"
,,
Mr. José Eduardo dos Santos,José Eduardo,"['', 'José Eduardo']"
,,
Mr. Bornito de Sousa,,['']
,,
Mr. Manuel Helder Vieira Dias,Vieira Dias,"['', 'Manuel Helder', 'Helder Vieira', 'Vieira Dias']"
,,
Mr. João Baptista Borges,Baptista Borges,"['', 'João Baptista', 'Baptista Borges']"
,,
Mr. Francisco Queirós,Francisco Queirós,"['', 'Francisco Queirós']"
,,
Amadou Hamed M. Dia,Amadou Hamed,['Amadou Hamed']
,,
Dethiou Diouf,,['']
,,
Ousmane Dore,Ousmane Dore,['Ousmane Dore']
,,
Vera Songwe,Vera Songwe,['Vera Songwe']
,,
AUGUSTO PINOCHET UCHIDA,,"['', '', '']"
,,
JOSE BERNARDO CUEVAS,,"['', '', '']"
,,
RAFAEL DOMINGUEZ,,"['', '']"
,,
LUIS CIFUENTES,,"['', '']"
,,
SERGIO OYARZUN,,"['', '']"
,,
CARLOS CIFUENTES,,"['', '']"
,,
FRANCISCO DURAN,,"['', '']"
,,
ERNESTO BAEZA,,"['', '']"
,,
JOSE MIGUEL INSULZA,,"['', '', '']"
,,
PAULINA NUNEZ,,"['', '']"
,,
Uhuru Kenyatta,Uhuru Kenyatta,['Uhuru Kenyatta']
,,
Yoweri Museveni,,"['', '']"
,,
Paul Kagame,Paul Kagame,['Paul Kagame']
,,
Idriss Deby,Idriss Deby,['Idriss Deby']
,,
Hage Geingob,Hage Geingob,['Hage Geingob']
,,
Edgar Lungu,Edgar Lungu,['Edgar Lungu']
,,
Cyril Ramaphosa,Cyril Ramaphosa,['Cyril Ramaphosa']
,,
Teodoro Obiang Nguema Mbasogo,Obiang Nguema,"['Teodoro Obiang', 'Obiang Nguema']"
,,
Ali Abdullah Saleh,Abdullah Saleh,"['Ali Abdullah', 'Abdullah Saleh']"
,,
Nawaz Sharif,Nawaz Sharif,['Nawaz Sharif']
,,
Robert Mugabe,Robert Mugabe,['Robert Mugabe']
,,
Raul Castro,Raul Castro,['Raul Castro']
,,
Saddam Hussein,Saddam Hussein,['Saddam Hussein']
,,
Muammar Gaddafi,Muammar Gaddafi,['Muammar Gaddafi']
,,
Nicolas Sarkozy,Nicolas Sarkozy,['Nicolas Sarkozy']
,,
Chang-ho,,['']
,,
Jae-won,,['']
,,
Jong-chol,,['']
,,
Jong-un,,['']
,,
Jong-won,,['']
,,
Kwang-nam,,['']
,,
Ryong-chol,,['']
,,
Ryong-nam,,['']
,,
Song-chol,,['']
,,
Song-won,,['']
,,
Sung-chol,,['']
,,
Sung-won,,['']
,,
Yong-chol,,['']
,,
Yong-nam,,['']
,,
Abdoulkadri Idrissa,Abdoulkadri Idrissa,['Abdoulkadri Idrissa']
,,
Adebayo Adedeji,Adebayo Adedeji,['Adebayo Adedeji']
,,
Adedeji Oyinlola,Adedeji Oyinlola,['Adedeji Oyinlola']
,,
Aden Robleh Awaleh,Robleh Awaleh,"['Aden Robleh', 'Robleh Awaleh']"
,,
Adeyemi Durojaiye,Adeyemi Durojaiye,['Adeyemi Durojaiye']
,,
Adnan Terzić,Adnan Terzić,['Adnan Terzić']
,,
Ahmed Abdallah Mohamed Sambi,Mohamed Sambi,"['Ahmed Abdallah', 'Abdallah Mohamed', 'Mohamed Sambi']"
,,
Ahmed Ould Daddah,Ould Daddah,"['Ahmed Ould', 'Ould Daddah']"
,,
Ahmed Toufiq,Ahmed Toufiq,['Ahmed Toufiq']
,,
Aïssata Tall Sall,Tall Sall,"['Aïssata Tall', 'Tall Sall']"
,,
Aarón Pastor,Aarón Pastor,['Aarón Pastor']
,,
Abdalá Bucaram,,"['', '']"
,,
Abdalá José Carmona,José Carmona,"['', 'José Carmona']"
,,
Abdalá José Herrera,José Herrera,"['', 'José Herrera']"
,,
Abdelkader Bensalah,Abdelkader Bensalah,['Abdelkader Bensalah']
,,
Abdelkader Messahel,Abdelkader Messahel,['Abdelkader Messahel']
,,
Abdelkarim Ghellab,Abdelkarim Ghellab,['Abdelkarim Ghellab']
,,
Abdelmalek Sellal,Abdelmalek Sellal,['Abdelmalek Sellal']
,,
Abderrahmane Youssoufi,Abderrahmane Youssoufi,['Abderrahmane Youssoufi']
,,
Abderrahim El Hafidi,El Hafidi,"['Abderrahim El', 'El Hafidi']"
,,
Abderrahmane Raouia,Abderrahmane Raouia,['Abderrahmane Raouia']
,,
Abderrahmane Mira,Abderrahmane Mira,['Abderrahmane Mira']
,,
Aboubacar Siddiki,Aboubacar Siddiki,['Aboubacar Siddiki']
,,
Aboubaker Cissé,Aboubaker Cissé,['Aboubaker Cissé']
,,
Aboubaker Dangote,Aboubaker Dangote,['Aboubaker Dangote']
,,
Abouolition Soumahoro,,['']
,,
Aboudoulaye Bathily,,['']
,,
Aboudoulaye Daouda,,['']
,,
Aboudoulaye Djire,,"['', '']"
,,
Aboudoulaye Wade,,['']
,,
Aboulaye Adamou,Aboulaye Adamou,['Aboulaye Adamou']
,,
Aboulaye Cissé,Aboulaye Cissé,['Aboulaye Cissé']
,,
Aboulaye Coulibaly,Aboulaye Coulibaly,['Aboulaye Coulibaly']
,,
Aboulaye Diabaté,Aboulaye Diabaté,['Aboulaye Diabaté']
,,
Aboulaye Gaye,Aboulaye Gaye,['Aboulaye Gaye']
,,
Aboulaye Wade,Aboulaye Wade,['Aboulaye Wade']
,,
Abraham Zamora,Abraham Zamora,['Abraham Zamora']
,,
Abram Zeledon,Abram Zeledon,['Abram Zeledon']
,,
Abramo Della Chiesa,Della Chiesa,"['Abramo Della', 'Della Chiesa']"
,,
Abramo Palazzesi,Abramo Palazzesi,['Abramo Palazzesi']
,,
Abramo Vigani,Abramo Vigani,['Abramo Vigani']
,,
Abramo Zanetti,Abramo Zanetti,['Abramo Zanetti']
,,
Abramo Zoli,Abramo Zoli,['Abramo Zoli']
,,
Abramo Zucchetti,Abramo Zucchetti,['Abramo Zucchetti']
,,
Achille Casanova,Achille Casanova,['Achille Casanova']
,,
Achille Di Bartolomei,Di Bartolomei,"['Achille Di', 'Di Bartolomei']"
,,
Achille Loria,Achille Loria,['Achille Loria']
,,
Achille Onorato,Achille Onorato,['Achille Onorato']
,,
Achille Orazi,Achille Orazi,['Achille Orazi']
,,
Achille Peretti,Achille Peretti,['Achille Peretti']
,,
Achille Silvestrini,Achille Silvestrini,['Achille Silvestrini']
,,
Achille Starace,Achille Starace,['Achille Starace']
,,
Mr. Jaime Antonio PEREZ MARTINEZ,Jaime Antonio,"['', 'Jaime Antonio']"
,,
Mr. Eugenio CORDERO MARTINEZ,,['']
,,
Mr. Luis FELIPE PUENTE ESPINOZA,,['']
,,
Mr. Ricardo SALINAS PLIEGO,,['']
,,
Ms. Maria Helena BONILLA LOPEZ,Maria Helena,"['', 'Maria Helena']"
,,
Ms. Gloria PRIETO SOTO,,['']
,,
Mr. Manuel Bartolome CASTILLO CASTILLO,Manuel Bartolome,"['', 'Manuel Bartolome']"
,,
Mr. Jose Luis LOPEZ PORTILLO,Jose Luis,"['', 'Jose Luis']"
,,
Mr. Roberto SALINAS PRIETO,,['']
,,
Mr. Luis Videgaray CASO,Luis Videgaray,"['', 'Luis Videgaray']"
,,
Amitav Banerji,Amitav Banerji,['Amitav Banerji']
,,
Anne-Marie Slaughter,Anne-Marie Slaughter,['Anne-Marie Slaughter']
,,
Archbishop Desmond M. Tutu,,['']
,,
Baroness Patricia Scotland,Patricia Scotland,"['', 'Patricia Scotland']"
,,
Baroness Valerie Amos,Valerie Amos,"['', 'Valerie Amos']"
,,
Catherine Ashton,Catherine Ashton,['Catherine Ashton']
,,
Dame Margaret Beckett,Margaret Beckett,"['Dame Margaret', 'Margaret Beckett']"
,,
Dame Sally Davies,Sally Davies,"['Dame Sally', 'Sally Davies']"
,,
Danilo Türk,Danilo Türk,['Danilo Türk']
,,
Eddie Folliard,Eddie Folliard,['Eddie Folliard']
,,
Ellen Johnson Sirleaf,Johnson Sirleaf,"['Ellen Johnson', 'Johnson Sirleaf']"
,,
Emma Bonino,Emma Bonino,['Emma Bonino']
,,
Eric Krasna,Eric Krasna,['Eric Krasna']
,,
Eugene Korn,Eugene Korn,['Eugene Korn']
,,
Gareth Evans,Gareth Evans,['Gareth Evans']
,,
George Clooney,George Clooney,['George Clooney']
,,
George Soros,George Soros,['George Soros']
,,
Graça Machel,Graça Machel,['Graça Machel']
,,
Hans Blix,Hans Blix,['Hans Blix']
,,
Helena Kennedy,Helena Kennedy,['Helena Kennedy']
,,
Her Majesty Queen Noor of Jordan,Queen Noor,['Queen Noor']
,,
Her Majesty Queen Rania Al Abdullah of Jordan,Al Abdullah,"['Queen Rania', 'Rania Al', 'Al Abdullah']"
,,
Hina Jilani,Hina Jilani,['Hina Jilani']
,,
Igor Ivanov,Igor Ivanov,['Igor Ivanov']
,,
Jane Holl Lute,Holl Lute,"['Jane Holl', 'Holl Lute']"
,,
Jimmy Carter,Jimmy Carter,['Jimmy Carter']
,,
Jody Williams,Jody Williams,['Jody Williams']
,,
Kofi Annan,Kofi Annan,['Kofi Annan']
,,
Lakhdar Brahimi,Lakhdar Brahimi,['Lakhdar Brahimi']
,,
Maria Livanos Cattaui,Maria Livanos,['Maria Livanos']
,,
Mary Robinson,Mary Robinson,['Mary Robinson']
,,
Mozhdeh Ghasemi,Mozhdeh Ghasemi,['Mozhdeh Ghasemi']
,,
Nelson Mandela,Nelson Mandela,['Nelson Mandela']
,,
Paul Martin,Paul Martin,['Paul Martin']
,,
Peter Maurer,Peter Maurer,['Peter Maurer']
,,
Prince Hassan bin Talal,Prince Hassan,['Prince Hassan']
,,
Prince Zeid Ra'ad Al Hussein,Al Hussein,"['Prince Zeid', 'Al Hussein']"
,,
Queen Sofía of Spain,Queen Sofía,['Queen Sofía']
,,
Ramsay Clark,Ramsay Clark,['Ramsay Clark']
,,
Rigoberta Menchú,Rigoberta Menchú,['Rigoberta Menchú']
,,
Rt Revd Desmond Tutu,Desmond Tutu,"['Rt Revd', 'Revd Desmond', 'Desmond Tutu']"
,,
Rt Hon Baroness Helena Kennedy QC,Helena Kennedy,"['Rt Hon', 'Helena Kennedy']"
,,
Rt Hon David Miliband,Hon David,"['Rt Hon', 'Hon David']"
,,
Rt Hon Gordon Brown,Gordon Brown,"['Rt Hon', 'Hon Gordon', 'Gordon Brown']"
,,
Rt Hon Jack Straw,Jack Straw,"['Rt Hon', 'Hon Jack', 'Jack Straw']"
,,
Rt Hon John Bercow,Hon John,"['Rt Hon', 'Hon John']"
,,
Rt Hon Sir Malcolm Rifkind,Rt Hon,['Rt Hon']
,,
Salil Shetty,Salil Shetty,['Salil Shetty']
,,
Samantha Power,Samantha Power,['Samantha Power']
,,
Shirin Ebadi,Shirin Ebadi,['Shirin Ebadi']
,,
Sir Jeremy Greenstock,,['']
,,
Sir Malcolm Bruce,Malcolm Bruce,"['', 'Malcolm Bruce']"
,,
Sir Menzies Campbell,Menzies Campbell,"['', 'Menzies Campbell']"
,,
Sir Nicholas Bayne,Nicholas Bayne,"['', 'Nicholas Bayne']"
,,
Sri Mulyani Indrawati,Mulyani Indrawati,"['Sri Mulyani', 'Mulyani Indrawati']"
,,
Susan Rice,Susan Rice,['Susan Rice']
,,
The Dalai Lama,Dalai Lama,"['The Dalai', 'Dalai Lama']"
,,
The Rt Hon Baroness Patricia Scotland of Asthal QC,Patricia Scotland,"['The Rt', 'Rt Hon', 'Patricia Scotland']"
,,
The Rt Hon David Cameron,David Cameron,"['The Rt', 'Rt Hon', 'Hon David', 'David Cameron']"
,,
The Rt Hon Sir John Major,John Major,"['The Rt', 'Rt Hon', 'John Major']"
,,
Thomas Pickering,Thomas Pickering,['Thomas Pickering']
,,
Wendy Sherman,Wendy Sherman,['Wendy Sherman']
,,
Name1,,['']
,,
Name2,,['']
,,
Mr. Daniel Dăianu,,['']
,,
Mr. Adrian Vasilescu,Adrian Vasilescu,"['', 'Adrian Vasilescu']"
,,
Mr. Cristian Pîrvulescu,,['']
,,
Mr. Virgil Pop,Virgil Pop,"['', 'Virgil Pop']"
,,
Ms. Cristina Pîrvulescu,,['']
,,
Mr. Dan Pîrvu,,['']
,,
Mr. Eugen Dijmărescu,,['']
,,
Mr. Mihai Dinescu,,['']
,,
Mr. Mugur Isărescu,,['']
,,
Mr. Petre Pătrașcu,,['']
,,
Mihai Tudose,Mihai Tudose,['Mihai Tudose']
,,
Victor Ponta,Victor Ponta,['Victor Ponta']
,,
Gabriel Oprea,Gabriel Oprea,['Gabriel Oprea']
,,
Rovana Plumb,Rovana Plumb,['Rovana Plumb']
,,
Anca Dragu,Anca Dragu,['Anca Dragu']
,,
Viorel Ștefan,Viorel Ștefan,['Viorel Ștefan']
,,
Ioan Balan,Ioan Balan,['Ioan Balan']
,,
Răzvan Cuc,Răzvan Cuc,['Răzvan Cuc']
,,
Cristian Ghinea,Cristian Ghinea,['Cristian Ghinea']
,,
Ioan Marcel Ciolacu,Marcel Ciolacu,"['Ioan Marcel', 'Marcel Ciolacu']"
,,
Nicușor Dan,,['']
,,
Dănuț Andruh,Dănuț Andruh,['Dănuț Andruh']
,,
Florin Roman,Florin Roman,['Florin Roman']
,,
Rareș Bogdan,Rareș Bogdan,['Rareș Bogdan']
,,
Petre Daea,Petre Daea,['Petre Daea']
,,
Olguța Vasilescu,Olguța Vasilescu,['Olguța Vasilescu']
,,
Eugen Orlando Teodorovici,Eugen Orlando,['Eugen Orlando']
,,
Marcel Ciolacu,Marcel Ciolacu,['Marcel Ciolacu']
,,
Daniel Suciu,Daniel Suciu,['Daniel Suciu']
,,
Stelian Ion,Stelian Ion,['Stelian Ion']
,,
Raluca Turcan,Raluca Turcan,['Raluca Turcan']
,,
Dan Barna,Dan Barna,['Dan Barna']
,,
Horaţiu Ene,,['']
,,
Mr. Julio César RUEDA CONTRERAS,Julio César,"['', 'Julio César']"
,,
Mr. Carlos Enrique BORGES RODRÍGUEZ,Carlos Enrique,"['', 'Carlos Enrique']"
,,
Mr. Hugo Alberto ORELLANA SALAZAR,Hugo Alberto,"['', 'Hugo Alberto']"
,,
Mr. Julio César GARCÍA BURGOS,Julio César,"['', 'Julio César']"
,,
Mr. Hugo Armando GONZÁLEZ SOTO,Hugo Armando,"['', 'Hugo Armando']"
,,
Mr. Luis Armando LOAIZA CORDERO,Luis Armando,"['', 'Luis Armando']"
,,
Mr. Hugo Armando GÓMEZ SALAZAR,Hugo Armando,"['', 'Hugo Armando']"
,,
Mr. Julio Enrique PÉREZ SALAS,Julio Enrique,"['', 'Julio Enrique']"
,,
Mr. Hugo Alberto PÉREZ SALAS,Hugo Alberto,"['', 'Hugo Alberto']"
,,
Mr. Francisco Javier GARCÍA HERNÁNDEZ,Francisco Javier,"['', 'Francisco Javier']"
,,
Aage Thor Falkanger,Thor Falkanger,"['Aage Thor', 'Thor Falkanger']"
,,
Aapo Markkanen,Aapo Markkanen,['Aapo Markkanen']
,,
Abdirahman Mohamed Abdullahi,Mohamed Abdullahi,"['Abdirahman Mohamed', 'Mohamed Abdullahi']"
,,
Adalsteinn Ólafsson,Adalsteinn Ólafsson,['Adalsteinn Ólafsson']
,,
Adolfsen Trine,Adolfsen Trine,['Adolfsen Trine']
,,
Aino-Kaisa Pekonen,Aino-Kaisa Pekonen,['Aino-Kaisa Pekonen']
,,
Aivo Ovaskainen,Aivo Ovaskainen,['Aivo Ovaskainen']
,,
Akaash Singh,Akaash Singh,['Akaash Singh']
,,
Aksel Hennie,Aksel Hennie,['Aksel Hennie']
,,
Aksu Schildt,Aksu Schildt,['Aksu Schildt']
,,
Åse Willassen,Åse Willassen,['Åse Willassen']
,,
Åshild Hauge,Åshild Hauge,['Åshild Hauge']
,,
Astrid Thors,Astrid Thors,['Astrid Thors']
,,
Atte Kaleva,Atte Kaleva,['Atte Kaleva']
,,
Barbro Holmberg,Barbro Holmberg,['Barbro Holmberg']
,,
Birgitta Ohlsson,Birgitta Ohlsson,['Birgitta Ohlsson']
,,
Bjarne Håkon Hanssen,Håkon Hanssen,"['Bjarne Håkon', 'Håkon Hanssen']"
,,
Bjarni Benediktsson,Bjarni Benediktsson,['Bjarni Benediktsson']
,,
Björn Söder,Björn Söder,['Björn Söder']
,,
Bo Lööf,Bo Lööf,['Bo Lööf']
,,
Boris Johnson,Boris Johnson,['Boris Johnson']
,,
Borut Pahor,Borut Pahor,['Borut Pahor']
,,
Britta Thomsen,Britta Thomsen,['Britta Thomsen']
,,
Carola Schouten,Carola Schouten,['Carola Schouten']
,,
Cecilia Malmström,Cecilia Malmström,['Cecilia Malmström']
,,
Charles Michel,Charles Michel,['Charles Michel']
,,
Christian Kern,Christian Kern,['Christian Kern']
,,
Christine Lagarde,Christine Lagarde,['Christine Lagarde']
,,
Christine Milne,Christine Milne,['Christine Milne']
,,
Christoph Schmidt,Christoph Schmidt,['Christoph Schmidt']
,,
Cilius Nielsen,Cilius Nielsen,['Cilius Nielsen']
,,
Claes Bengtsson,Claes Bengtsson,['Claes Bengtsson']
,,
Claude Bartolone,Claude Bartolone,['Claude Bartolone']
,,
Clemens Wergin,Clemens Wergin,['Clemens Wergin']
,,
Connie Hedegaard,Connie Hedegaard,['Connie Hedegaard']
,,
Cristina Fernández de Kirchner,Cristina Fernández,['Cristina Fernández']
,,
Czesław Adam Siekierski,Adam Siekierski,"['Czesław Adam', 'Adam Siekierski']"
,,
Dag-Inge Ulstein,,['']
,,
Dalia Grybauskaitė,Dalia Grybauskaitė,['Dalia Grybauskaitė']
,,
Dan Jørgensen,Dan Jørgensen,['Dan Jørgensen']
,,
Danny Alexander,Danny Alexander,['Danny Alexander']
,,
Hervé Larcher,Hervé Larcher,['Hervé Larcher']
,,
Stephen Anderson,Stephen Anderson,['Stephen Anderson']
,,
Mohamed Morsy,Mohamed Morsy,['Mohamed Morsy']
,,
Abdoulaye Bathily,Abdoulaye Bathily,['Abdoulaye Bathily']
,,
Dominique Duvalier,Dominique Duvalier,['Dominique Duvalier']
,,
Jean-Claude Duvalier,Jean-Claude Duvalier,['Jean-Claude Duvalier']
,,
Ghassan Salamé,Ghassan Salamé,['Ghassan Salamé']
,,
António Guterres,António Guterres,['António Guterres']
,,
Dr Ren Minghui,Ren Minghui,"['Dr Ren', 'Ren Minghui']"
,,
Professor Feachem,,"['', '']"
,,
Dr Mwele Malecela,Dr Mwele,['Dr Mwele']
,,
Dr Pedro Alonso,Pedro Alonso,"['Dr Pedro', 'Pedro Alonso']"
,,
Dr Matshidiso Rebecca Moeti,Rebecca Moeti,"['Dr Matshidiso', 'Matshidiso Rebecca', 'Rebecca Moeti']"
,,
Professor Ayles,,['']
,,
Dr Adewale Lawrence Oyebanji,Lawrence Oyebanji,"['Dr Adewale', 'Adewale Lawrence', 'Lawrence Oyebanji']"
,,
Dr John Nkengasong,John Nkengasong,"['Dr John', 'John Nkengasong']"
,,
Dr Alana Officer,Alana Officer,"['Dr Alana', 'Alana Officer']"
,,
Dr Fatoumata Nafo-Traoré,Dr Fatoumata,['Dr Fatoumata']
,,
Professor Siruban,,"['', '']"
,,
Dr Luis Gomes Sambo,Gomes Sambo,"['Dr Luis', 'Luis Gomes', 'Gomes Sambo']"
,,
Professor Chilima,,['']
,,
Dr Richard Mihigo,Dr Richard,['Dr Richard']
,,
Dr Festus Mogae,Festus Mogae,"['Dr Festus', 'Festus Mogae']"
,,
Mr Tedros Adhanom Ghebreyesus,Tedros Adhanom,"['Mr Tedros', 'Tedros Adhanom']"
,,
Mr Takeshi Kasai,Takeshi Kasai,"['Mr Takeshi', 'Takeshi Kasai']"
,,
Dr Maria do Rosário Nunes,Rosário Nunes,"['Dr Maria', 'Rosário Nunes']"
,,
Dr Matshidiso Rebecca MOETI,Matshidiso Rebecca,"['Dr Matshidiso', 'Matshidiso Rebecca']"
,,
Dr Poonam Khetrapal Singh,Dr Poonam,['Dr Poonam']
,,
Dr Juan Manuel Santos Calderón,Santos Calderón,"['Dr Juan', 'Juan Manuel', 'Manuel Santos', 'Santos Calderón']"
,,
Mr James Bezan,James Bezan,"['Mr James', 'James Bezan']"
,,
Mr Sergei Lavrov,Sergei Lavrov,"['Mr Sergei', 'Sergei Lavrov']"
,,
Mr Adel al-Jubeir,Mr Adel,['Mr Adel']
,,
Mrs. Maria Manuela Catarina Macedo,Catarina Macedo,"['', 'Maria Manuela', 'Manuela Catarina', 'Catarina Macedo']"
,,
Mr. Soumya Swaminathan,Soumya Swaminathan,"['', 'Soumya Swaminathan']"
,,
Mrs. Nadia Daar,Nadia Daar,"['', 'Nadia Daar']"
,,
Mr. Naoko Yamamoto,Naoko Yamamoto,"['', 'Naoko Yamamoto']"
,,
Mr. Keith R. Klugman,,['']
,,
Mr. Ranieri Guerra,Ranieri Guerra,"['', 'Ranieri Guerra']"
,,
Mr. Takeshi Kasai,Takeshi Kasai,"['', 'Takeshi Kasai']"
,,
Mr. Peter Salama,Peter Salama,"['', 'Peter Salama']"
,,
Mr. Michael J. Ryan,,['']
,,
Mr. Akinwumi Adesina,Akinwumi Adesina,"['', 'Akinwumi Adesina']"
,,
Mr. Gilbert Houngbo,,['']
,,
Mr. John W. McArthur,,['']
,,
Mr. Jorge Familiar Calero,Familiar Calero,"['', 'Jorge Familiar', 'Familiar Calero']"
,,
Dr. Ousmane Diagana,Ousmane Diagana,"['', 'Ousmane Diagana']"
,,
Mrs. Mari Pangestu,Mari Pangestu,"['', 'Mari Pangestu']"
,,
Mr. Juan José Daboub,Juan José,"['', 'Juan José']"
,,
Mr. Enrique García,Enrique García,"['', 'Enrique García']"
,,
Dr. Ketil Karlsen,Ketil Karlsen,"['', 'Ketil Karlsen']"
,,
Mr. Nasser Al-Kidwa,,['']
,,
Mr. Keen Meng Chee,Meng Chee,"['', 'Keen Meng', 'Meng Chee']"
,,
Mr. Juan Jose Daboub,Juan Jose,"['', 'Juan Jose']"
,,
Mr. Richard Cockett,Richard Cockett,"['', 'Richard Cockett']"
,,
Mr. Mario Garnero,Mario Garnero,"['', 'Mario Garnero']"
,,
Mr. Ernesto Zedillo,Ernesto Zedillo,"['', 'Ernesto Zedillo']"
,,
Mr. Daniel Tarullo,,['']
,,
Gilles Carbonnier,Gilles Carbonnier,['Gilles Carbonnier']
,,
Christine Beerli,Christine Beerli,['Christine Beerli']
,,
Cornelio Sommaruga,Cornelio Sommaruga,['Cornelio Sommaruga']
,,
Jakob Kellenberger,Jakob Kellenberger,['Jakob Kellenberger']
,,
David Harland,David Harland,['David Harland']
,,
Dominik Stillhart,Dominik Stillhart,['Dominik Stillhart']
,,
Evelyne Henchoz,Evelyne Henchoz,['Evelyne Henchoz']
,,
Alain Aeschlimann,Alain Aeschlimann,['Alain Aeschlimann']
,,
Philippe Maarek,Philippe Maarek,['Philippe Maarek']
,,
Bruno Stucky,Bruno Stucky,['Bruno Stucky']
,,
Yves Heller,Yves Heller,['Yves Heller']
,,
Hans-Peter Tschudi,Hans-Peter Tschudi,['Hans-Peter Tschudi']
,,
Markus Duterne,Markus Duterne,['Markus Duterne']
,,
Mr. Al-Awdah,,"['', '']"
,,
Mr. Al-Bahlul,,"['', '']"
,,
Mr. Al-Nashiri,,"['', '']"
,,
Mr. Al-Qahtani,,['']
,,
Mr. bin Attash,,"['', '', '']"
,,
Mr. Bin al-Shaibah,,['']
,,
Mr. Ibrahim,,['']
,,
Mr. Jabarah,,"['', '']"
,,
Mr. Janko,,['']
,,
Mr. Khadr,,['']
,,
Mr. Mohamed,,['']
,,
Mr. Naseer,,['']
,,
Mr. Noor,,['']
,,
Mr. Omar,,['']
,,
Mr. al-Rawi,,"['', '']"
,,
Mr. al-Ruqai,,"['', '']"
,,
Mr. al-Sharbi,,"['', '']"
,,
Mr. al-Shareef,,"['', '']"
,,
Mr. al-Subayee,,"['', '']"
,,
Mr. al-Umari,,"['', '']"
,,
Francesca Martinelli,Francesca Martinelli,['Francesca Martinelli']
,,
Christophe Axel,Christophe Axel,['Christophe Axel']
,,
Laurent Corbaz,Laurent Corbaz,['Laurent Corbaz']
,,
Evelyne Tambour,Evelyne Tambour,['Evelyne Tambour']
,,
Hans-Peter Lenz,Hans-Peter Lenz,['Hans-Peter Lenz']
,,
Diccon Bewes,,"['', '']"
,,
Rene Felix,Rene Felix,['Rene Felix']
,,
Beatrice Lindstrom,Beatrice Lindstrom,['Beatrice Lindstrom']
,,
HE Dr. Mohammad bin Saleh Al Sada,Al Sada,"['', '', 'Saleh Al', 'Al Sada']"
,,
Mr. Fatih Birol,Fatih Birol,"['', 'Fatih Birol']"
,,
Mr. Dinesh Sarraf,Dinesh Sarraf,"['', 'Dinesh Sarraf']"
,,
Mr. Neil Harper,Neil Harper,"['', 'Neil Harper']"
,,
Mr. Richard Jones,Richard Jones,"['', 'Richard Jones']"
,,
Mr. Paolo Scaroni,Paolo Scaroni,"['', 'Paolo Scaroni']"
,,
Mr. Patrick Pouyanné,,['']
,,
Mr. Eldar Saetre,Eldar Saetre,"['', 'Eldar Saetre']"
,,
Mr. Ben van Beurden,,['']
,,
Mr. Alexey Miller,Alexey Miller,"['', 'Alexey Miller']"
,,
Mr. Youssouf Bamba,Youssouf Bamba,"['', 'Youssouf Bamba']"
,,
Mr. Luis Cetina,Luis Cetina,"['', 'Luis Cetina']"
,,
Mr. Juan Pablo Crespo,Pablo Crespo,"['', 'Juan Pablo', 'Pablo Crespo']"
,,
Mr. Francisco Diaz,Francisco Diaz,"['', 'Francisco Diaz']"
,,
Mr. Fernando García,Fernando García,"['', 'Fernando García']"
,,
Mr. Luis Gutiérrez,Luis Gutiérrez,"['', 'Luis Gutiérrez']"
,,
Mr. Ricardo Lagos,Ricardo Lagos,"['', 'Ricardo Lagos']"
,,
Mr. Jorge Quiroga,Jorge Quiroga,"['', 'Jorge Quiroga']"
,,
Mr. Luis Moreno Ocampo,Moreno Ocampo,"['', 'Luis Moreno', 'Moreno Ocampo']"
,,
Mr. Antonio Cassese,Antonio Cassese,"['', 'Antonio Cassese']"
,,
Mr Mario Monti,Mario Monti,"['Mr Mario', 'Mario Monti']"
,,
Mr Jean-Paul Villain,Jean-Paul Villain,"['Mr Jean-Paul', 'Jean-Paul Villain']"
,,
Mr Peter Sutherland,Peter Sutherland,"['Mr Peter', 'Peter Sutherland']"
,,
Mr Adnan Aman,Adnan Aman,"['Mr Adnan', 'Adnan Aman']"
,,
Mr Michael Fuchs,Michael Fuchs,"['Mr Michael', 'Michael Fuchs']"
,,
Mr Alexander Stubb,Alexander Stubb,"['Mr Alexander', 'Alexander Stubb']"
,,
Mr Pascal Lamy,Pascal Lamy,"['Mr Pascal', 'Pascal Lamy']"
,,
"Mr Willem Frederik ""Wim"" Kok",Willem Frederik,"['Mr Willem', 'Willem Frederik']"
,,
Dame Carolyn McCall,Dame Carolyn,['Dame Carolyn']
,,
Mr. HAMID GAID SALAH,,"['', '', '', '']"
,,
Mr. MANSOUR KAYENO,,"['', '', '']"
,,
Mr. ALI BONGO ONDIMBA,,"['', '', '', '']"
,,
Mr. JOAQUIM ALBINO DA SILVA FREITAS,,"['', '', '', '', '', '']"
,,
Mr. AHMAD AL-SAYYED,,"['', '', '']"
,,
Mr. JEAN-PIERRE LACROIX,,"['', '', '']"
,,
Mr. JOHN W. SELFRIDGE,,"['', '', '', '']"
,,
Mr. JOSE LUIS MACHADO,,"['', '', '', '']"
,,
Mr. JUAN PABLO DE LA GARZA,,"['', '', '', '', '', '']"
,,
Mr. LARS KLETTENBERG,,"['', '', '']"
,,
Juan Carlos,Juan Carlos,['Juan Carlos']
,,
Sidi Mohamed Ould Cheikh Abdallahi,Cheikh Abdallahi,"['Sidi Mohamed', 'Mohamed Ould', 'Ould Cheikh', 'Cheikh Abdallahi']"
,,
Berta Isabel Cáceres Flores,Cáceres Flores,"['Berta Isabel', 'Isabel Cáceres', 'Cáceres Flores']"
,,
Patricia Espinosa Cantellano,Espinosa Cantellano,"['Patricia Espinosa', 'Espinosa Cantellano']"
,,
María Fernanda Espinosa Garcés,Espinosa Garcés,"['María Fernanda', 'Fernanda Espinosa', 'Espinosa Garcés']"
,,
Mike Pompeo,Mike Pompeo,['Mike Pompeo']
,,
Ragnar Granit,Ragnar Granit,['Ragnar Granit']
,,
Władysław Ziółkowski,Władysław Ziółkowski,['Władysław Ziółkowski']
,,
Sir Humphrey Waldock,Humphrey Waldock,"['', 'Humphrey Waldock']"
,,
Jules Deschênes,Jules Deschênes,['Jules Deschênes']
,,
Juan Guzmán Tapia,Guzmán Tapia,"['Juan Guzmán', 'Guzmán Tapia']"
,,
Shigeru Oda,Shigeru Oda,['Shigeru Oda']
,,
Adrianus Kortman,Adrianus Kortman,['Adrianus Kortman']
,,
Peter Tomka,Peter Tomka,['Peter Tomka']
,,
Alicia Pucheta,Alicia Pucheta,['Alicia Pucheta']
,,
Antonio Tizzano,Antonio Tizzano,['Antonio Tizzano']
,,
Ronny Abraham,Ronny Abraham,['Ronny Abraham']
,,
Ibrahim Salama,Ibrahim Salama,['Ibrahim Salama']
,,
Christoph Flügge,Christoph Flügge,['Christoph Flügge']
,,
Mohamed Bennouna,Mohamed Bennouna,['Mohamed Bennouna']
,,
Vilho Eskelinen,Vilho Eskelinen,['Vilho Eskelinen']
,,
Yukio Ozaki,Yukio Ozaki,['Yukio Ozaki']
,,
Dalveer Bhandari,Dalveer Bhandari,['Dalveer Bhandari']
,,
Robert Spano,Robert Spano,['Robert Spano']
,,
Paul Mahoney,Paul Mahoney,['Paul Mahoney']
,,
Gabrielle Kirk McDonald,Gabrielle Kirk,['Gabrielle Kirk']
,,
Pere Pastor Vilanova,Pastor Vilanova,"['Pere Pastor', 'Pastor Vilanova']"
,,
Bernardo Sepúlveda Amor,Sepúlveda Amor,"['Bernardo Sepúlveda', 'Sepúlveda Amor']"
,,
Raymond Brown,Raymond Brown,['Raymond Brown']
,,
Awn Shawkat Al-Khasawneh,Shawkat Al-Khasawneh,"['Awn Shawkat', 'Shawkat Al-Khasawneh']"
,,
Giorgio Gaja,Giorgio Gaja,['Giorgio Gaja']
,,
Nawaf Salam,Nawaf Salam,['Nawaf Salam']
,,
Abdulqawi Yusuf,Abdulqawi Yusuf,['Abdulqawi Yusuf']
,,
Antonio Augusto Cancado Trindade,Antonio Augusto,['Antonio Augusto']
,,
Perez Mota,Perez Mota,['Perez Mota']
,,
Bruno Simma,Bruno Simma,['Bruno Simma']
,,
Jacques Pauwelyn,Jacques Pauwelyn,['Jacques Pauwelyn']
,,
Christopher Greenwood,Christopher Greenwood,['Christopher Greenwood']
,,
Mohamed Sowe,Mohamed Sowe,['Mohamed Sowe']
,,
Ranjitsinh Prakash Desai,Prakash Desai,"['Ranjitsinh Prakash', 'Prakash Desai']"
,,
Abdulqawi Ahmed Yusuf,Ahmed Yusuf,"['Abdulqawi Ahmed', 'Ahmed Yusuf']"
,,
Sir Nicholas Peter Weir,Peter Weir,"['', 'Nicholas Peter', 'Peter Weir']"
,,
Diane Desierto,Diane Desierto,['Diane Desierto']
,,
Yuji Iwasawa,Yuji Iwasawa,['Yuji Iwasawa']
,,
Volkan Can,Volkan Can,['Volkan Can']
,,
Alexei Lazarev,Alexei Lazarev,['Alexei Lazarev']
